,day,time,temp,energy,day_time,year,month,dd,dw,dy,hh,date_id,holiday,op_mode,stagione
42512,07-11-2022,08:00:00,10.02,340.5,2022-11-07 08:00:00,2022,11,7,1,311,8,20221107,False,1,inv2223
42513,07-11-2022,09:00:00,14.57,394.0,2022-11-07 09:00:00,2022,11,7,1,311,9,20221107,False,1,inv2223
42515,07-11-2022,11:00:00,16.81,400.5,2022-11-07 11:00:00,2022,11,7,1,311,11,20221107,False,1,inv2223
42520,07-11-2022,16:00:00,14.16,482.0,2022-11-07 16:00:00,2022,11,7,1,311,16,20221107,False,1,inv2223
42536,08-11-2022,08:00:00,6.93,838.0,2022-11-08 08:00:00,2022,11,8,2,312,8,20221108,False,1,inv2223
42537,08-11-2022,09:00:00,13.86,691.5,2022-11-08 09:00:00,2022,11,8,2,312,9,20221108,False,1,inv2223
42538,08-11-2022,10:00:00,15.83,287.5,2022-11-08 10:00:00,2022,11,8,2,312,10,20221108,False,1,inv2223
42539,08-11-2022,11:00:00,16.47,230.0,2022-11-08 11:00:00,2022,11,8,2,312,11,20221108,False,1,inv2223
42540,08-11-2022,12:00:00,16.55,228.5,2022-11-08 12:00:00,2022,11,8,2,312,12,20221108,False,1,inv2223
42541,08-11-2022,13:00:00,16.27,233.5,2022-11-08 13:00:00,2022,11,8,2,312,13,20221108,False,1,inv2223
42542,08-11-2022,14:00:00,15.86,242.0,2022-11-08 14:00:00,2022,11,8,2,312,14,20221108,False,1,inv2223
42543,08-11-2022,15:00:00,14.59,519.5,2022-11-08 15:00:00,2022,11,8,2,312,15,20221108,False,1,inv2223
42544,08-11-2022,16:00:00,13.24,438.5,2022-11-08 16:00:00,2022,11,8,2,312,16,20221108,False,1,inv2223
42545,08-11-2022,17:00:00,11.54,296.0,2022-11-08 17:00:00,2022,11,8,2,312,17,20221108,False,1,inv2223
42560,09-11-2022,08:00:00,14.43,498.0,2022-11-09 08:00:00,2022,11,9,3,313,8,20221109,False,1,inv2223
42561,09-11-2022,09:00:00,14.85,446.5,2022-11-09 09:00:00,2022,11,9,3,313,9,20221109,False,1,inv2223
42562,09-11-2022,10:00:00,14.67,259.5,2022-11-09 10:00:00,2022,11,9,3,313,10,20221109,False,1,inv2223
42563,09-11-2022,11:00:00,14.12,215.0,2022-11-09 11:00:00,2022,11,9,3,313,11,20221109,False,1,inv2223
42564,09-11-2022,12:00:00,14.12,216.5,2022-11-09 12:00:00,2022,11,9,3,313,12,20221109,False,1,inv2223
42565,09-11-2022,13:00:00,14.4,211.5,2022-11-09 13:00:00,2022,11,9,3,313,13,20221109,False,1,inv2223
42566,09-11-2022,14:00:00,14.27,278.0,2022-11-09 14:00:00,2022,11,9,3,313,14,20221109,False,1,inv2223
42567,09-11-2022,15:00:00,14.16,540.5,2022-11-09 15:00:00,2022,11,9,3,313,15,20221109,False,1,inv2223
42568,09-11-2022,16:00:00,13.58,422.5,2022-11-09 16:00:00,2022,11,9,3,313,16,20221109,False,1,inv2223
42569,09-11-2022,17:00:00,13.18,254.0,2022-11-09 17:00:00,2022,11,9,3,313,17,20221109,False,1,inv2223
42584,10-11-2022,08:00:00,14.1,452.0,2022-11-10 08:00:00,2022,11,10,4,314,8,20221110,False,1,inv2223
42585,10-11-2022,09:00:00,13.52,418.5,2022-11-10 09:00:00,2022,11,10,4,314,9,20221110,False,1,inv2223
42586,10-11-2022,10:00:00,13.5,263.5,2022-11-10 10:00:00,2022,11,10,4,314,10,20221110,False,1,inv2223
42587,10-11-2022,11:00:00,13.05,249.5,2022-11-10 11:00:00,2022,11,10,4,314,11,20221110,False,1,inv2223
42588,10-11-2022,12:00:00,12.07,264.0,2022-11-10 12:00:00,2022,11,10,4,314,12,20221110,False,1,inv2223
42589,10-11-2022,13:00:00,12.17,246.5,2022-11-10 13:00:00,2022,11,10,4,314,13,20221110,False,1,inv2223
42590,10-11-2022,14:00:00,12.48,242.0,2022-11-10 14:00:00,2022,11,10,4,314,14,20221110,False,1,inv2223
42591,10-11-2022,15:00:00,13.07,550.0,2022-11-10 15:00:00,2022,11,10,4,314,15,20221110,False,1,inv2223
42592,10-11-2022,16:00:00,13.19,459.5,2022-11-10 16:00:00,2022,11,10,4,314,16,20221110,False,1,inv2223
42593,10-11-2022,17:00:00,13.1,260.5,2022-11-10 17:00:00,2022,11,10,4,314,17,20221110,False,1,inv2223
42608,11-11-2022,08:00:00,11.03,484.0,2022-11-11 08:00:00,2022,11,11,5,315,8,20221111,False,1,inv2223
42609,11-11-2022,09:00:00,12.81,446.5,2022-11-11 09:00:00,2022,11,11,5,315,9,20221111,False,1,inv2223
42610,11-11-2022,10:00:00,14.69,263.5,2022-11-11 10:00:00,2022,11,11,5,315,10,20221111,False,1,inv2223
42611,11-11-2022,11:00:00,15.28,239.5,2022-11-11 11:00:00,2022,11,11,5,315,11,20221111,False,1,inv2223
42612,11-11-2022,12:00:00,15.95,205.0,2022-11-11 12:00:00,2022,11,11,5,315,12,20221111,False,1,inv2223
42613,11-11-2022,13:00:00,16.83,194.0,2022-11-11 13:00:00,2022,11,11,5,315,13,20221111,False,1,inv2223
42614,11-11-2022,14:00:00,15.87,203.0,2022-11-11 14:00:00,2022,11,11,5,315,14,20221111,False,1,inv2223
42615,11-11-2022,15:00:00,14.49,527.5,2022-11-11 15:00:00,2022,11,11,5,315,15,20221111,False,1,inv2223
42616,11-11-2022,16:00:00,12.23,439.0,2022-11-11 16:00:00,2022,11,11,5,315,16,20221111,False,1,inv2223
42617,11-11-2022,17:00:00,11.05,303.5,2022-11-11 17:00:00,2022,11,11,5,315,17,20221111,False,1,inv2223
42680,14-11-2022,08:00:00,10.68,630.5,2022-11-14 08:00:00,2022,11,14,1,318,8,20221114,False,1,inv2223
42681,14-11-2022,09:00:00,11.27,577.5,2022-11-14 09:00:00,2022,11,14,1,318,9,20221114,False,1,inv2223
42682,14-11-2022,10:00:00,11.59,371.0,2022-11-14 10:00:00,2022,11,14,1,318,10,20221114,False,1,inv2223
42683,14-11-2022,11:00:00,12.62,291.0,2022-11-14 11:00:00,2022,11,14,1,318,11,20221114,False,1,inv2223
42684,14-11-2022,12:00:00,12.5,274.5,2022-11-14 12:00:00,2022,11,14,1,318,12,20221114,False,1,inv2223
42685,14-11-2022,13:00:00,11.51,341.0,2022-11-14 13:00:00,2022,11,14,1,318,13,20221114,False,1,inv2223
42686,14-11-2022,14:00:00,10.62,306.5,2022-11-14 14:00:00,2022,11,14,1,318,14,20221114,False,1,inv2223
42687,14-11-2022,15:00:00,10.03,616.0,2022-11-14 15:00:00,2022,11,14,1,318,15,20221114,False,1,inv2223
42688,14-11-2022,16:00:00,9.79,583.5,2022-11-14 16:00:00,2022,11,14,1,318,16,20221114,False,1,inv2223
42689,14-11-2022,17:00:00,9.77,525.5,2022-11-14 17:00:00,2022,11,14,1,318,17,20221114,False,1,inv2223
42704,15-11-2022,08:00:00,7.84,623.0,2022-11-15 08:00:00,2022,11,15,2,319,8,20221115,False,1,inv2223
42705,15-11-2022,09:00:00,10.4,570.5,2022-11-15 09:00:00,2022,11,15,2,319,9,20221115,False,1,inv2223
42706,15-11-2022,10:00:00,12.04,358.0,2022-11-15 10:00:00,2022,11,15,2,319,10,20221115,False,1,inv2223
42707,15-11-2022,11:00:00,12.79,370.0,2022-11-15 11:00:00,2022,11,15,2,319,11,20221115,False,1,inv2223
42708,15-11-2022,12:00:00,13.18,282.0,2022-11-15 12:00:00,2022,11,15,2,319,12,20221115,False,1,inv2223
42709,15-11-2022,13:00:00,12.95,322.5,2022-11-15 13:00:00,2022,11,15,2,319,13,20221115,False,1,inv2223
42710,15-11-2022,14:00:00,11.94,441.5,2022-11-15 14:00:00,2022,11,15,2,319,14,20221115,False,1,inv2223
42711,15-11-2022,15:00:00,11.46,476.5,2022-11-15 15:00:00,2022,11,15,2,319,15,20221115,False,1,inv2223
42712,15-11-2022,16:00:00,10.66,463.0,2022-11-15 16:00:00,2022,11,15,2,319,16,20221115,False,1,inv2223
42713,15-11-2022,17:00:00,10.13,456.0,2022-11-15 17:00:00,2022,11,15,2,319,17,20221115,False,1,inv2223
42728,16-11-2022,08:00:00,12.45,466.0,2022-11-16 08:00:00,2022,11,16,3,320,8,20221116,False,1,inv2223
42729,16-11-2022,09:00:00,12.78,446.0,2022-11-16 09:00:00,2022,11,16,3,320,9,20221116,False,1,inv2223
42730,16-11-2022,10:00:00,13.27,438.0,2022-11-16 10:00:00,2022,11,16,3,320,10,20221116,False,1,inv2223
42731,16-11-2022,11:00:00,13.95,392.0,2022-11-16 11:00:00,2022,11,16,3,320,11,20221116,False,1,inv2223
42732,16-11-2022,12:00:00,14.05,406.0,2022-11-16 12:00:00,2022,11,16,3,320,12,20221116,False,1,inv2223
42733,16-11-2022,13:00:00,13.57,339.5,2022-11-16 13:00:00,2022,11,16,3,320,13,20221116,False,1,inv2223
42734,16-11-2022,14:00:00,13.22,433.0,2022-11-16 14:00:00,2022,11,16,3,320,14,20221116,False,1,inv2223
42735,16-11-2022,15:00:00,12.93,436.5,2022-11-16 15:00:00,2022,11,16,3,320,15,20221116,False,1,inv2223
42736,16-11-2022,16:00:00,12.61,447.5,2022-11-16 16:00:00,2022,11,16,3,320,16,20221116,False,1,inv2223
42737,16-11-2022,17:00:00,12.35,395.0,2022-11-16 17:00:00,2022,11,16,3,320,17,20221116,False,1,inv2223
42752,17-11-2022,08:00:00,9.88,470.0,2022-11-17 08:00:00,2022,11,17,4,321,8,20221117,False,1,inv2223
42753,17-11-2022,09:00:00,10.77,466.5,2022-11-17 09:00:00,2022,11,17,4,321,9,20221117,False,1,inv2223
42754,17-11-2022,10:00:00,11.46,471.5,2022-11-17 10:00:00,2022,11,17,4,321,10,20221117,False,1,inv2223
42755,17-11-2022,11:00:00,11.51,437.5,2022-11-17 11:00:00,2022,11,17,4,321,11,20221117,False,1,inv2223
42756,17-11-2022,12:00:00,11.83,338.5,2022-11-17 12:00:00,2022,11,17,4,321,12,20221117,False,1,inv2223
42757,17-11-2022,13:00:00,12.11,287.0,2022-11-17 13:00:00,2022,11,17,4,321,13,20221117,False,1,inv2223
42758,17-11-2022,14:00:00,11.76,369.5,2022-11-17 14:00:00,2022,11,17,4,321,14,20221117,False,1,inv2223
42759,17-11-2022,15:00:00,11.98,461.5,2022-11-17 15:00:00,2022,11,17,4,321,15,20221117,False,1,inv2223
42760,17-11-2022,16:00:00,11.45,475.5,2022-11-17 16:00:00,2022,11,17,4,321,16,20221117,False,1,inv2223
42761,17-11-2022,17:00:00,11.36,414.0,2022-11-17 17:00:00,2022,11,17,4,321,17,20221117,False,1,inv2223
42776,18-11-2022,08:00:00,12.28,470.0,2022-11-18 08:00:00,2022,11,18,5,322,8,20221118,False,1,inv2223
42777,18-11-2022,09:00:00,13.32,458.5,2022-11-18 09:00:00,2022,11,18,5,322,9,20221118,False,1,inv2223
42778,18-11-2022,10:00:00,13.11,447.0,2022-11-18 10:00:00,2022,11,18,5,322,10,20221118,False,1,inv2223
42779,18-11-2022,11:00:00,12.83,331.5,2022-11-18 11:00:00,2022,11,18,5,322,11,20221118,False,1,inv2223
42780,18-11-2022,12:00:00,12.08,220.5,2022-11-18 12:00:00,2022,11,18,5,322,12,20221118,False,1,inv2223
42781,18-11-2022,13:00:00,11.62,200.5,2022-11-18 13:00:00,2022,11,18,5,322,13,20221118,False,1,inv2223
42782,18-11-2022,14:00:00,10.65,324.0,2022-11-18 14:00:00,2022,11,18,5,322,14,20221118,False,1,inv2223
42783,18-11-2022,15:00:00,10.48,393.0,2022-11-18 15:00:00,2022,11,18,5,322,15,20221118,False,1,inv2223
42784,18-11-2022,16:00:00,9.82,419.5,2022-11-18 16:00:00,2022,11,18,5,322,16,20221118,False,1,inv2223
42785,18-11-2022,17:00:00,8.26,401.0,2022-11-18 17:00:00,2022,11,18,5,322,17,20221118,False,1,inv2223
42848,21-11-2022,08:00:00,3.26,699.0,2022-11-21 08:00:00,2022,11,21,1,325,8,20221121,False,1,inv2223
42849,21-11-2022,09:00:00,8.8,566.0,2022-11-21 09:00:00,2022,11,21,1,325,9,20221121,False,1,inv2223
42850,21-11-2022,10:00:00,11.53,558.0,2022-11-21 10:00:00,2022,11,21,1,325,10,20221121,False,1,inv2223
42851,21-11-2022,11:00:00,12.65,438.5,2022-11-21 11:00:00,2022,11,21,1,325,11,20221121,False,1,inv2223
42852,21-11-2022,12:00:00,11.52,353.0,2022-11-21 12:00:00,2022,11,21,1,325,12,20221121,False,1,inv2223
42853,21-11-2022,13:00:00,12.58,313.0,2022-11-21 13:00:00,2022,11,21,1,325,13,20221121,False,1,inv2223
42854,21-11-2022,14:00:00,13.55,392.0,2022-11-21 14:00:00,2022,11,21,1,325,14,20221121,False,1,inv2223
42855,21-11-2022,15:00:00,11.94,442.5,2022-11-21 15:00:00,2022,11,21,1,325,15,20221121,False,1,inv2223
42856,21-11-2022,16:00:00,7.52,652.0,2022-11-21 16:00:00,2022,11,21,1,325,16,20221121,False,1,inv2223
42857,21-11-2022,17:00:00,6.05,505.5,2022-11-21 17:00:00,2022,11,21,1,325,17,20221121,False,1,inv2223
42872,22-11-2022,08:00:00,6.54,714.5,2022-11-22 08:00:00,2022,11,22,2,326,8,20221122,False,1,inv2223
42873,22-11-2022,09:00:00,6.27,655.0,2022-11-22 09:00:00,2022,11,22,2,326,9,20221122,False,1,inv2223
42874,22-11-2022,10:00:00,5.86,647.0,2022-11-22 10:00:00,2022,11,22,2,326,10,20221122,False,1,inv2223
42875,22-11-2022,11:00:00,6.77,571.0,2022-11-22 11:00:00,2022,11,22,2,326,11,20221122,False,1,inv2223
42876,22-11-2022,12:00:00,4.87,374.5,2022-11-22 12:00:00,2022,11,22,2,326,12,20221122,False,1,inv2223
42877,22-11-2022,13:00:00,3.74,460.5,2022-11-22 13:00:00,2022,11,22,2,326,13,20221122,False,1,inv2223
42878,22-11-2022,14:00:00,4.51,634.5,2022-11-22 14:00:00,2022,11,22,2,326,14,20221122,False,1,inv2223
42879,22-11-2022,15:00:00,4.58,589.5,2022-11-22 15:00:00,2022,11,22,2,326,15,20221122,False,1,inv2223
42880,22-11-2022,16:00:00,4.14,576.0,2022-11-22 16:00:00,2022,11,22,2,326,16,20221122,False,1,inv2223
42881,22-11-2022,17:00:00,3.69,515.0,2022-11-22 17:00:00,2022,11,22,2,326,17,20221122,False,1,inv2223
42896,23-11-2022,08:00:00,5.73,454.5,2022-11-23 08:00:00,2022,11,23,3,327,8,20221123,False,1,inv2223
42897,23-11-2022,09:00:00,6.58,493.0,2022-11-23 09:00:00,2022,11,23,3,327,9,20221123,False,1,inv2223
42898,23-11-2022,10:00:00,7.24,682.5,2022-11-23 10:00:00,2022,11,23,3,327,10,20221123,False,1,inv2223
42899,23-11-2022,11:00:00,7.39,623.0,2022-11-23 11:00:00,2022,11,23,3,327,11,20221123,False,1,inv2223
42900,23-11-2022,12:00:00,7.54,542.0,2022-11-23 12:00:00,2022,11,23,3,327,12,20221123,False,1,inv2223
42901,23-11-2022,13:00:00,8.43,613.0,2022-11-23 13:00:00,2022,11,23,3,327,13,20221123,False,1,inv2223
42902,23-11-2022,14:00:00,8.98,639.0,2022-11-23 14:00:00,2022,11,23,3,327,14,20221123,False,1,inv2223
42903,23-11-2022,15:00:00,9.65,589.5,2022-11-23 15:00:00,2022,11,23,3,327,15,20221123,False,1,inv2223
42904,23-11-2022,16:00:00,7.58,627.5,2022-11-23 16:00:00,2022,11,23,3,327,16,20221123,False,1,inv2223
42905,23-11-2022,17:00:00,3.47,592.5,2022-11-23 17:00:00,2022,11,23,3,327,17,20221123,False,1,inv2223
42920,24-11-2022,08:00:00,3.98,658.5,2022-11-24 08:00:00,2022,11,24,4,328,8,20221124,False,1,inv2223
42921,24-11-2022,09:00:00,7.92,573.0,2022-11-24 09:00:00,2022,11,24,4,328,9,20221124,False,1,inv2223
42922,24-11-2022,10:00:00,11.98,538.0,2022-11-24 10:00:00,2022,11,24,4,328,10,20221124,False,1,inv2223
42923,24-11-2022,11:00:00,13.6,464.0,2022-11-24 11:00:00,2022,11,24,4,328,11,20221124,False,1,inv2223
42924,24-11-2022,12:00:00,15.47,343.5,2022-11-24 12:00:00,2022,11,24,4,328,12,20221124,False,1,inv2223
42925,24-11-2022,13:00:00,15.35,372.0,2022-11-24 13:00:00,2022,11,24,4,328,13,20221124,False,1,inv2223
42926,24-11-2022,14:00:00,14.26,491.5,2022-11-24 14:00:00,2022,11,24,4,328,14,20221124,False,1,inv2223
42927,24-11-2022,15:00:00,12.2,483.5,2022-11-24 15:00:00,2022,11,24,4,328,15,20221124,False,1,inv2223
42928,24-11-2022,16:00:00,10.45,489.5,2022-11-24 16:00:00,2022,11,24,4,328,16,20221124,False,1,inv2223
42929,24-11-2022,17:00:00,7.92,511.5,2022-11-24 17:00:00,2022,11,24,4,328,17,20221124,False,1,inv2223
42944,25-11-2022,08:00:00,5.38,675.5,2022-11-25 08:00:00,2022,11,25,5,329,8,20221125,False,1,inv2223
42945,25-11-2022,09:00:00,7.74,579.5,2022-11-25 09:00:00,2022,11,25,5,329,9,20221125,False,1,inv2223
42946,25-11-2022,10:00:00,10.29,497.5,2022-11-25 10:00:00,2022,11,25,5,329,10,20221125,False,1,inv2223
42947,25-11-2022,11:00:00,14.41,435.0,2022-11-25 11:00:00,2022,11,25,5,329,11,20221125,False,1,inv2223
42948,25-11-2022,12:00:00,13.93,305.0,2022-11-25 12:00:00,2022,11,25,5,329,12,20221125,False,1,inv2223
42949,25-11-2022,13:00:00,14.21,331.5,2022-11-25 13:00:00,2022,11,25,5,329,13,20221125,False,1,inv2223
42950,25-11-2022,14:00:00,14.42,550.0,2022-11-25 14:00:00,2022,11,25,5,329,14,20221125,False,1,inv2223
42951,25-11-2022,15:00:00,12.29,463.0,2022-11-25 15:00:00,2022,11,25,5,329,15,20221125,False,1,inv2223
42952,25-11-2022,16:00:00,10.99,463.5,2022-11-25 16:00:00,2022,11,25,5,329,16,20221125,False,1,inv2223
42953,25-11-2022,17:00:00,9.76,461.0,2022-11-25 17:00:00,2022,11,25,5,329,17,20221125,False,1,inv2223
43016,28-11-2022,08:00:00,5.16,747.5,2022-11-28 08:00:00,2022,11,28,1,332,8,20221128,False,1,inv2223
43017,28-11-2022,09:00:00,7.69,692.5,2022-11-28 09:00:00,2022,11,28,1,332,9,20221128,False,1,inv2223
43018,28-11-2022,10:00:00,9.01,691.0,2022-11-28 10:00:00,2022,11,28,1,332,10,20221128,False,1,inv2223
43019,28-11-2022,11:00:00,9.26,689.5,2022-11-28 11:00:00,2022,11,28,1,332,11,20221128,False,1,inv2223
43020,28-11-2022,12:00:00,9.76,477.5,2022-11-28 12:00:00,2022,11,28,1,332,12,20221128,False,1,inv2223
43021,28-11-2022,13:00:00,10.05,491.0,2022-11-28 13:00:00,2022,11,28,1,332,13,20221128,False,1,inv2223
43022,28-11-2022,14:00:00,9.31,659.5,2022-11-28 14:00:00,2022,11,28,1,332,14,20221128,False,1,inv2223
43023,28-11-2022,15:00:00,7.97,675.0,2022-11-28 15:00:00,2022,11,28,1,332,15,20221128,False,1,inv2223
43024,28-11-2022,16:00:00,6.59,649.5,2022-11-28 16:00:00,2022,11,28,1,332,16,20221128,False,1,inv2223
43025,28-11-2022,17:00:00,6.14,638.5,2022-11-28 17:00:00,2022,11,28,1,332,17,20221128,False,1,inv2223
43040,29-11-2022,08:00:00,3.99,709.0,2022-11-29 08:00:00,2022,11,29,2,333,8,20221129,False,1,inv2223
43041,29-11-2022,09:00:00,4.3,690.0,2022-11-29 09:00:00,2022,11,29,2,333,9,20221129,False,1,inv2223
43042,29-11-2022,10:00:00,4.84,688.0,2022-11-29 10:00:00,2022,11,29,2,333,10,20221129,False,1,inv2223
43043,29-11-2022,11:00:00,5.06,734.5,2022-11-29 11:00:00,2022,11,29,2,333,11,20221129,False,1,inv2223
43044,29-11-2022,12:00:00,4.92,668.5,2022-11-29 12:00:00,2022,11,29,2,333,12,20221129,False,1,inv2223
43045,29-11-2022,13:00:00,4.95,666.5,2022-11-29 13:00:00,2022,11,29,2,333,13,20221129,False,1,inv2223
43046,29-11-2022,14:00:00,5.45,778.0,2022-11-29 14:00:00,2022,11,29,2,333,14,20221129,False,1,inv2223
43047,29-11-2022,15:00:00,5.02,718.5,2022-11-29 15:00:00,2022,11,29,2,333,15,20221129,False,1,inv2223
43048,29-11-2022,16:00:00,4.01,714.0,2022-11-29 16:00:00,2022,11,29,2,333,16,20221129,False,1,inv2223
43049,29-11-2022,17:00:00,3.59,708.5,2022-11-29 17:00:00,2022,11,29,2,333,17,20221129,False,1,inv2223
43064,30-11-2022,08:00:00,4.29,804.5,2022-11-30 08:00:00,2022,11,30,3,334,8,20221130,False,1,inv2223
43065,30-11-2022,09:00:00,4.71,833.0,2022-11-30 09:00:00,2022,11,30,3,334,9,20221130,False,1,inv2223
43066,30-11-2022,10:00:00,5.31,793.5,2022-11-30 10:00:00,2022,11,30,3,334,10,20221130,False,1,inv2223
43067,30-11-2022,11:00:00,6.02,722.0,2022-11-30 11:00:00,2022,11,30,3,334,11,20221130,False,1,inv2223
43068,30-11-2022,12:00:00,6.25,605.0,2022-11-30 12:00:00,2022,11,30,3,334,12,20221130,False,1,inv2223
43069,30-11-2022,13:00:00,5.99,646.0,2022-11-30 13:00:00,2022,11,30,3,334,13,20221130,False,1,inv2223
43070,30-11-2022,14:00:00,5.66,807.0,2022-11-30 14:00:00,2022,11,30,3,334,14,20221130,False,1,inv2223
43071,30-11-2022,15:00:00,5.09,691.5,2022-11-30 15:00:00,2022,11,30,3,334,15,20221130,False,1,inv2223
43072,30-11-2022,16:00:00,4.94,665.5,2022-11-30 16:00:00,2022,11,30,3,334,16,20221130,False,1,inv2223
43073,30-11-2022,17:00:00,4.93,669.0,2022-11-30 17:00:00,2022,11,30,3,334,17,20221130,False,1,inv2223
43088,01-12-2022,08:00:00,4.87,814.0,2022-12-01 08:00:00,2022,12,1,4,335,8,20221201,False,1,inv2223
43089,01-12-2022,09:00:00,5.83,747.5,2022-12-01 09:00:00,2022,12,1,4,335,9,20221201,False,1,inv2223
43090,01-12-2022,10:00:00,6.55,723.5,2022-12-01 10:00:00,2022,12,1,4,335,10,20221201,False,1,inv2223
43091,01-12-2022,11:00:00,6.95,685.0,2022-12-01 11:00:00,2022,12,1,4,335,11,20221201,False,1,inv2223
43092,01-12-2022,12:00:00,7.31,562.5,2022-12-01 12:00:00,2022,12,1,4,335,12,20221201,False,1,inv2223
43093,01-12-2022,13:00:00,7.87,589.0,2022-12-01 13:00:00,2022,12,1,4,335,13,20221201,False,1,inv2223
43094,01-12-2022,14:00:00,7.2,718.5,2022-12-01 14:00:00,2022,12,1,4,335,14,20221201,False,1,inv2223
43095,01-12-2022,15:00:00,5.66,655.0,2022-12-01 15:00:00,2022,12,1,4,335,15,20221201,False,1,inv2223
43096,01-12-2022,16:00:00,5.18,661.5,2022-12-01 16:00:00,2022,12,1,4,335,16,20221201,False,1,inv2223
43097,01-12-2022,17:00:00,5.0,650.5,2022-12-01 17:00:00,2022,12,1,4,335,17,20221201,False,1,inv2223
43112,02-12-2022,08:00:00,4.53,830.5,2022-12-02 08:00:00,2022,12,2,5,336,8,20221202,False,1,inv2223
43113,02-12-2022,09:00:00,4.85,788.0,2022-12-02 09:00:00,2022,12,2,5,336,9,20221202,False,1,inv2223
43114,02-12-2022,10:00:00,5.95,709.0,2022-12-02 10:00:00,2022,12,2,5,336,10,20221202,False,1,inv2223
43115,02-12-2022,11:00:00,6.4,674.5,2022-12-02 11:00:00,2022,12,2,5,336,11,20221202,False,1,inv2223
43116,02-12-2022,12:00:00,6.48,578.5,2022-12-02 12:00:00,2022,12,2,5,336,12,20221202,False,1,inv2223
43117,02-12-2022,13:00:00,6.54,629.0,2022-12-02 13:00:00,2022,12,2,5,336,13,20221202,False,1,inv2223
43118,02-12-2022,14:00:00,6.69,689.0,2022-12-02 14:00:00,2022,12,2,5,336,14,20221202,False,1,inv2223
43119,02-12-2022,15:00:00,5.95,647.0,2022-12-02 15:00:00,2022,12,2,5,336,15,20221202,False,1,inv2223
43120,02-12-2022,16:00:00,5.59,617.0,2022-12-02 16:00:00,2022,12,2,5,336,16,20221202,False,1,inv2223
43121,02-12-2022,17:00:00,5.86,634.0,2022-12-02 17:00:00,2022,12,2,5,336,17,20221202,False,1,inv2223
43184,05-12-2022,08:00:00,11.21,812.0,2022-12-05 08:00:00,2022,12,5,1,339,8,20221205,False,1,inv2223
43185,05-12-2022,09:00:00,11.92,687.0,2022-12-05 09:00:00,2022,12,5,1,339,9,20221205,False,1,inv2223
43186,05-12-2022,10:00:00,12.08,672.0,2022-12-05 10:00:00,2022,12,5,1,339,10,20221205,False,1,inv2223
43187,05-12-2022,11:00:00,11.33,676.0,2022-12-05 11:00:00,2022,12,5,1,339,11,20221205,False,1,inv2223
43188,05-12-2022,12:00:00,11.06,556.0,2022-12-05 12:00:00,2022,12,5,1,339,12,20221205,False,1,inv2223
43189,05-12-2022,13:00:00,11.9,560.5,2022-12-05 13:00:00,2022,12,5,1,339,13,20221205,False,1,inv2223
43190,05-12-2022,14:00:00,11.66,738.5,2022-12-05 14:00:00,2022,12,5,1,339,14,20221205,False,1,inv2223
43191,05-12-2022,15:00:00,12.08,631.5,2022-12-05 15:00:00,2022,12,5,1,339,15,20221205,False,1,inv2223
43192,05-12-2022,16:00:00,11.78,623.5,2022-12-05 16:00:00,2022,12,5,1,339,16,20221205,False,1,inv2223
43193,05-12-2022,17:00:00,11.95,600.0,2022-12-05 17:00:00,2022,12,5,1,339,17,20221205,False,1,inv2223
43208,06-12-2022,08:00:00,5.3,767.5,2022-12-06 08:00:00,2022,12,6,2,340,8,20221206,False,1,inv2223
43209,06-12-2022,09:00:00,8.67,683.5,2022-12-06 09:00:00,2022,12,6,2,340,9,20221206,False,1,inv2223
43210,06-12-2022,10:00:00,11.92,567.5,2022-12-06 10:00:00,2022,12,6,2,340,10,20221206,False,1,inv2223
43211,06-12-2022,11:00:00,13.45,586.0,2022-12-06 11:00:00,2022,12,6,2,340,11,20221206,False,1,inv2223
43212,06-12-2022,12:00:00,13.28,395.0,2022-12-06 12:00:00,2022,12,6,2,340,12,20221206,False,1,inv2223
43213,06-12-2022,13:00:00,14.32,462.5,2022-12-06 13:00:00,2022,12,6,2,340,13,20221206,False,1,inv2223
43214,06-12-2022,14:00:00,12.92,619.0,2022-12-06 14:00:00,2022,12,6,2,340,14,20221206,False,1,inv2223
43215,06-12-2022,15:00:00,11.49,561.0,2022-12-06 15:00:00,2022,12,6,2,340,15,20221206,False,1,inv2223
43216,06-12-2022,16:00:00,8.17,579.5,2022-12-06 16:00:00,2022,12,6,2,340,16,20221206,False,1,inv2223
43217,06-12-2022,17:00:00,5.55,545.5,2022-12-06 17:00:00,2022,12,6,2,340,17,20221206,False,1,inv2223
43232,07-12-2022,08:00:00,5.24,779.5,2022-12-07 08:00:00,2022,12,7,3,341,8,20221207,False,1,inv2223
43233,07-12-2022,09:00:00,7.87,588.0,2022-12-07 09:00:00,2022,12,7,3,341,9,20221207,False,1,inv2223
43234,07-12-2022,10:00:00,9.17,576.5,2022-12-07 10:00:00,2022,12,7,3,341,10,20221207,False,1,inv2223
43235,07-12-2022,11:00:00,10.24,498.5,2022-12-07 11:00:00,2022,12,7,3,341,11,20221207,False,1,inv2223
43236,07-12-2022,12:00:00,10.23,532.5,2022-12-07 12:00:00,2022,12,7,3,341,12,20221207,False,1,inv2223
43237,07-12-2022,13:00:00,10.13,569.0,2022-12-07 13:00:00,2022,12,7,3,341,13,20221207,False,1,inv2223
43238,07-12-2022,14:00:00,8.85,629.0,2022-12-07 14:00:00,2022,12,7,3,341,14,20221207,False,1,inv2223
43239,07-12-2022,15:00:00,7.88,593.5,2022-12-07 15:00:00,2022,12,7,3,341,15,20221207,False,1,inv2223
43240,07-12-2022,16:00:00,6.35,599.0,2022-12-07 16:00:00,2022,12,7,3,341,16,20221207,False,1,inv2223
43241,07-12-2022,17:00:00,5.85,590.5,2022-12-07 17:00:00,2022,12,7,3,341,17,20221207,False,1,inv2223
43256,08-12-2022,08:00:00,4.82,729.0,2022-12-08 08:00:00,2022,12,8,4,342,8,20221208,False,1,inv2223
43257,08-12-2022,09:00:00,5.69,640.0,2022-12-08 09:00:00,2022,12,8,4,342,9,20221208,False,1,inv2223
43258,08-12-2022,10:00:00,7.76,269.5,2022-12-08 10:00:00,2022,12,8,4,342,10,20221208,False,1,inv2223
43259,08-12-2022,11:00:00,9.53,207.5,2022-12-08 11:00:00,2022,12,8,4,342,11,20221208,False,1,inv2223
43260,08-12-2022,12:00:00,9.33,191.5,2022-12-08 12:00:00,2022,12,8,4,342,12,20221208,False,1,inv2223
43261,08-12-2022,13:00:00,9.25,194.0,2022-12-08 13:00:00,2022,12,8,4,342,13,20221208,False,1,inv2223
43262,08-12-2022,14:00:00,8.58,192.0,2022-12-08 14:00:00,2022,12,8,4,342,14,20221208,False,1,inv2223
43263,08-12-2022,15:00:00,8.24,201.0,2022-12-08 15:00:00,2022,12,8,4,342,15,20221208,False,1,inv2223
43264,08-12-2022,16:00:00,7.7,198.0,2022-12-08 16:00:00,2022,12,8,4,342,16,20221208,False,1,inv2223
43265,08-12-2022,17:00:00,7.54,201.0,2022-12-08 17:00:00,2022,12,8,4,342,17,20221208,False,1,inv2223
43280,09-12-2022,08:00:00,8.88,792.5,2022-12-09 08:00:00,2022,12,9,5,343,8,20221209,False,1,inv2223
43281,09-12-2022,09:00:00,10.56,648.0,2022-12-09 09:00:00,2022,12,9,5,343,9,20221209,False,1,inv2223
43282,09-12-2022,10:00:00,10.82,637.5,2022-12-09 10:00:00,2022,12,9,5,343,10,20221209,False,1,inv2223
43283,09-12-2022,11:00:00,11.33,626.0,2022-12-09 11:00:00,2022,12,9,5,343,11,20221209,False,1,inv2223
43284,09-12-2022,12:00:00,11.84,576.0,2022-12-09 12:00:00,2022,12,9,5,343,12,20221209,False,1,inv2223
43285,09-12-2022,13:00:00,12.31,576.0,2022-12-09 13:00:00,2022,12,9,5,343,13,20221209,False,1,inv2223
43286,09-12-2022,14:00:00,12.6,541.5,2022-12-09 14:00:00,2022,12,9,5,343,14,20221209,False,1,inv2223
43287,09-12-2022,15:00:00,12.2,549.0,2022-12-09 15:00:00,2022,12,9,5,343,15,20221209,False,1,inv2223
43288,09-12-2022,16:00:00,11.51,548.5,2022-12-09 16:00:00,2022,12,9,5,343,16,20221209,False,1,inv2223
43289,09-12-2022,17:00:00,10.89,555.5,2022-12-09 17:00:00,2022,12,9,5,343,17,20221209,False,1,inv2223
43352,12-12-2022,08:00:00,-0.51,965.5,2022-12-12 08:00:00,2022,12,12,1,346,8,20221212,False,1,inv2223
43353,12-12-2022,09:00:00,0.75,1037.0,2022-12-12 09:00:00,2022,12,12,1,346,9,20221212,False,1,inv2223
43354,12-12-2022,10:00:00,2.77,1005.0,2022-12-12 10:00:00,2022,12,12,1,346,10,20221212,False,1,inv2223
43355,12-12-2022,11:00:00,4.71,940.0,2022-12-12 11:00:00,2022,12,12,1,346,11,20221212,False,1,inv2223
43356,12-12-2022,12:00:00,5.47,850.5,2022-12-12 12:00:00,2022,12,12,1,346,12,20221212,False,1,inv2223
43357,12-12-2022,13:00:00,5.68,824.5,2022-12-12 13:00:00,2022,12,12,1,346,13,20221212,False,1,inv2223
43358,12-12-2022,14:00:00,4.89,857.0,2022-12-12 14:00:00,2022,12,12,1,346,14,20221212,False,1,inv2223
43359,12-12-2022,15:00:00,3.09,860.0,2022-12-12 15:00:00,2022,12,12,1,346,15,20221212,False,1,inv2223
43360,12-12-2022,16:00:00,-0.36,876.5,2022-12-12 16:00:00,2022,12,12,1,346,16,20221212,False,1,inv2223
43361,12-12-2022,17:00:00,-1.6,930.0,2022-12-12 17:00:00,2022,12,12,1,346,17,20221212,False,1,inv2223
43376,13-12-2022,08:00:00,-0.11,1063.5,2022-12-13 08:00:00,2022,12,13,2,347,8,20221213,False,1,inv2223
43377,13-12-2022,09:00:00,0.66,1026.0,2022-12-13 09:00:00,2022,12,13,2,347,9,20221213,False,1,inv2223
43378,13-12-2022,10:00:00,1.29,975.5,2022-12-13 10:00:00,2022,12,13,2,347,10,20221213,False,1,inv2223
43379,13-12-2022,11:00:00,1.45,970.0,2022-12-13 11:00:00,2022,12,13,2,347,11,20221213,False,1,inv2223
43380,13-12-2022,12:00:00,1.38,948.5,2022-12-13 12:00:00,2022,12,13,2,347,12,20221213,False,1,inv2223
43381,13-12-2022,13:00:00,1.8,930.5,2022-12-13 13:00:00,2022,12,13,2,347,13,20221213,False,1,inv2223
43382,13-12-2022,14:00:00,1.7,932.5,2022-12-13 14:00:00,2022,12,13,2,347,14,20221213,False,1,inv2223
43383,13-12-2022,15:00:00,1.43,922.0,2022-12-13 15:00:00,2022,12,13,2,347,15,20221213,False,1,inv2223
43384,13-12-2022,16:00:00,0.95,907.0,2022-12-13 16:00:00,2022,12,13,2,347,16,20221213,False,1,inv2223
43385,13-12-2022,17:00:00,1.08,846.0,2022-12-13 17:00:00,2022,12,13,2,347,17,20221213,False,1,inv2223
43400,14-12-2022,08:00:00,1.35,1021.5,2022-12-14 08:00:00,2022,12,14,3,348,8,20221214,False,1,inv2223
43401,14-12-2022,09:00:00,2.52,976.0,2022-12-14 09:00:00,2022,12,14,3,348,9,20221214,False,1,inv2223
43402,14-12-2022,10:00:00,3.32,936.0,2022-12-14 10:00:00,2022,12,14,3,348,10,20221214,False,1,inv2223
43403,14-12-2022,11:00:00,3.38,894.5,2022-12-14 11:00:00,2022,12,14,3,348,11,20221214,False,1,inv2223
43404,14-12-2022,12:00:00,4.07,829.5,2022-12-14 12:00:00,2022,12,14,3,348,12,20221214,False,1,inv2223
43405,14-12-2022,13:00:00,6.52,791.0,2022-12-14 13:00:00,2022,12,14,3,348,13,20221214,False,1,inv2223
43406,14-12-2022,14:00:00,5.78,779.5,2022-12-14 14:00:00,2022,12,14,3,348,14,20221214,False,1,inv2223
43407,14-12-2022,15:00:00,4.34,792.0,2022-12-14 15:00:00,2022,12,14,3,348,15,20221214,False,1,inv2223
43408,14-12-2022,16:00:00,3.23,845.5,2022-12-14 16:00:00,2022,12,14,3,348,16,20221214,False,1,inv2223
43409,14-12-2022,17:00:00,2.86,787.0,2022-12-14 17:00:00,2022,12,14,3,348,17,20221214,False,1,inv2223
43424,15-12-2022,08:00:00,4.23,939.0,2022-12-15 08:00:00,2022,12,15,4,349,8,20221215,False,1,inv2223
43425,15-12-2022,09:00:00,4.56,901.5,2022-12-15 09:00:00,2022,12,15,4,349,9,20221215,False,1,inv2223
43426,15-12-2022,10:00:00,4.92,857.0,2022-12-15 10:00:00,2022,12,15,4,349,10,20221215,False,1,inv2223
43427,15-12-2022,11:00:00,5.48,834.0,2022-12-15 11:00:00,2022,12,15,4,349,11,20221215,False,1,inv2223
43428,15-12-2022,12:00:00,6.03,761.0,2022-12-15 12:00:00,2022,12,15,4,349,12,20221215,False,1,inv2223
43429,15-12-2022,13:00:00,6.52,398.0,2022-12-15 13:00:00,2022,12,15,4,349,13,20221215,False,1,inv2223
43430,15-12-2022,14:00:00,6.43,598.0,2022-12-15 14:00:00,2022,12,15,4,349,14,20221215,False,1,inv2223
43431,15-12-2022,15:00:00,6.49,902.0,2022-12-15 15:00:00,2022,12,15,4,349,15,20221215,False,1,inv2223
43432,15-12-2022,16:00:00,6.87,696.0,2022-12-15 16:00:00,2022,12,15,4,349,16,20221215,False,1,inv2223
43433,15-12-2022,17:00:00,7.1,697.0,2022-12-15 17:00:00,2022,12,15,4,349,17,20221215,False,1,inv2223
43448,16-12-2022,08:00:00,9.89,753.0,2022-12-16 08:00:00,2022,12,16,5,350,8,20221216,False,1,inv2223
43449,16-12-2022,09:00:00,9.88,692.5,2022-12-16 09:00:00,2022,12,16,5,350,9,20221216,False,1,inv2223
43450,16-12-2022,10:00:00,9.85,682.0,2022-12-16 10:00:00,2022,12,16,5,350,10,20221216,False,1,inv2223
43451,16-12-2022,11:00:00,10.22,637.5,2022-12-16 11:00:00,2022,12,16,5,350,11,20221216,False,1,inv2223
43452,16-12-2022,12:00:00,10.49,631.5,2022-12-16 12:00:00,2022,12,16,5,350,12,20221216,False,1,inv2223
43453,16-12-2022,13:00:00,10.06,610.5,2022-12-16 13:00:00,2022,12,16,5,350,13,20221216,False,1,inv2223
43454,16-12-2022,14:00:00,10.04,592.5,2022-12-16 14:00:00,2022,12,16,5,350,14,20221216,False,1,inv2223
43455,16-12-2022,15:00:00,10.21,569.5,2022-12-16 15:00:00,2022,12,16,5,350,15,20221216,False,1,inv2223
43456,16-12-2022,16:00:00,9.83,586.5,2022-12-16 16:00:00,2022,12,16,5,350,16,20221216,False,1,inv2223
43457,16-12-2022,17:00:00,9.55,588.0,2022-12-16 17:00:00,2022,12,16,5,350,17,20221216,False,1,inv2223
42509,07-11-2022,05:00:00,7.01,27.5,2022-11-07 05:00:00,2022,11,7,1,311,5,20221107,False,2,inv2223
42510,07-11-2022,06:00:00,6.04,29.5,2022-11-07 06:00:00,2022,11,7,1,311,6,20221107,False,2,inv2223
42547,08-11-2022,19:00:00,10.41,43.5,2022-11-08 19:00:00,2022,11,8,2,312,19,20221108,False,2,inv2223
42548,08-11-2022,20:00:00,9.75,32.5,2022-11-08 20:00:00,2022,11,8,2,312,20,20221108,False,2,inv2223
42549,08-11-2022,21:00:00,8.1,32.5,2022-11-08 21:00:00,2022,11,8,2,312,21,20221108,False,2,inv2223
42550,08-11-2022,22:00:00,7.23,46.5,2022-11-08 22:00:00,2022,11,8,2,312,22,20221108,False,2,inv2223
42551,08-11-2022,23:00:00,8.01,68.0,2022-11-08 23:00:00,2022,11,8,2,312,23,20221108,False,2,inv2223
42552,09-11-2022,00:00:00,9.91,70.0,2022-11-09 00:00:00,2022,11,9,3,313,0,20221109,False,2,inv2223
42553,09-11-2022,01:00:00,11.17,65.0,2022-11-09 01:00:00,2022,11,9,3,313,1,20221109,False,2,inv2223
42554,09-11-2022,02:00:00,12.44,63.5,2022-11-09 02:00:00,2022,11,9,3,313,2,20221109,False,2,inv2223
42555,09-11-2022,03:00:00,13.04,72.5,2022-11-09 03:00:00,2022,11,9,3,313,3,20221109,False,2,inv2223
42556,09-11-2022,04:00:00,13.31,65.5,2022-11-09 04:00:00,2022,11,9,3,313,4,20221109,False,2,inv2223
42557,09-11-2022,05:00:00,13.62,66.0,2022-11-09 05:00:00,2022,11,9,3,313,5,20221109,False,2,inv2223
42558,09-11-2022,06:00:00,13.99,322.0,2022-11-09 06:00:00,2022,11,9,3,313,6,20221109,False,2,inv2223
42571,09-11-2022,19:00:00,13.08,33.5,2022-11-09 19:00:00,2022,11,9,3,313,19,20221109,False,2,inv2223
42572,09-11-2022,20:00:00,13.63,20.0,2022-11-09 20:00:00,2022,11,9,3,313,20,20221109,False,2,inv2223
42573,09-11-2022,21:00:00,13.62,19.5,2022-11-09 21:00:00,2022,11,9,3,313,21,20221109,False,2,inv2223
42574,09-11-2022,22:00:00,13.38,38.5,2022-11-09 22:00:00,2022,11,9,3,313,22,20221109,False,2,inv2223
42575,09-11-2022,23:00:00,13.32,70.0,2022-11-09 23:00:00,2022,11,9,3,313,23,20221109,False,2,inv2223
42576,10-11-2022,00:00:00,13.33,61.0,2022-11-10 00:00:00,2022,11,10,4,314,0,20221110,False,2,inv2223
42577,10-11-2022,01:00:00,13.46,66.0,2022-11-10 01:00:00,2022,11,10,4,314,1,20221110,False,2,inv2223
42578,10-11-2022,02:00:00,13.61,63.5,2022-11-10 02:00:00,2022,11,10,4,314,2,20221110,False,2,inv2223
42579,10-11-2022,03:00:00,13.64,64.5,2022-11-10 03:00:00,2022,11,10,4,314,3,20221110,False,2,inv2223
42580,10-11-2022,04:00:00,13.74,65.0,2022-11-10 04:00:00,2022,11,10,4,314,4,20221110,False,2,inv2223
42581,10-11-2022,05:00:00,13.74,61.0,2022-11-10 05:00:00,2022,11,10,4,314,5,20221110,False,2,inv2223
42582,10-11-2022,06:00:00,13.58,327.0,2022-11-10 06:00:00,2022,11,10,4,314,6,20221110,False,2,inv2223
42595,10-11-2022,19:00:00,11.79,34.0,2022-11-10 19:00:00,2022,11,10,4,314,19,20221110,False,2,inv2223
42596,10-11-2022,20:00:00,11.38,22.0,2022-11-10 20:00:00,2022,11,10,4,314,20,20221110,False,2,inv2223
42597,10-11-2022,21:00:00,10.86,36.0,2022-11-10 21:00:00,2022,11,10,4,314,21,20221110,False,2,inv2223
42598,10-11-2022,22:00:00,11.02,73.0,2022-11-10 22:00:00,2022,11,10,4,314,22,20221110,False,2,inv2223
42599,10-11-2022,23:00:00,10.61,83.5,2022-11-10 23:00:00,2022,11,10,4,314,23,20221110,False,2,inv2223
42600,11-11-2022,00:00:00,10.41,83.0,2022-11-11 00:00:00,2022,11,11,5,315,0,20221111,False,2,inv2223
42601,11-11-2022,01:00:00,10.32,80.5,2022-11-11 01:00:00,2022,11,11,5,315,1,20221111,False,2,inv2223
42602,11-11-2022,02:00:00,10.41,81.5,2022-11-11 02:00:00,2022,11,11,5,315,2,20221111,False,2,inv2223
42603,11-11-2022,03:00:00,9.55,81.0,2022-11-11 03:00:00,2022,11,11,5,315,3,20221111,False,2,inv2223
42604,11-11-2022,04:00:00,8.85,78.5,2022-11-11 04:00:00,2022,11,11,5,315,4,20221111,False,2,inv2223
42605,11-11-2022,05:00:00,8.2,85.5,2022-11-11 05:00:00,2022,11,11,5,315,5,20221111,False,2,inv2223
42606,11-11-2022,06:00:00,8.57,353.0,2022-11-11 06:00:00,2022,11,11,5,315,6,20221111,False,2,inv2223
42619,11-11-2022,19:00:00,10.35,29.5,2022-11-11 19:00:00,2022,11,11,5,315,19,20221111,False,2,inv2223
42620,11-11-2022,20:00:00,10.46,20.5,2022-11-11 20:00:00,2022,11,11,5,315,20,20221111,False,2,inv2223
42621,11-11-2022,21:00:00,9.95,21.0,2022-11-11 21:00:00,2022,11,11,5,315,21,20221111,False,2,inv2223
42622,11-11-2022,22:00:00,9.89,38.5,2022-11-11 22:00:00,2022,11,11,5,315,22,20221111,False,2,inv2223
42623,11-11-2022,23:00:00,10.93,64.0,2022-11-11 23:00:00,2022,11,11,5,315,23,20221111,False,2,inv2223
42672,14-11-2022,00:00:00,8.9,83.5,2022-11-14 00:00:00,2022,11,14,1,318,0,20221114,False,2,inv2223
42673,14-11-2022,01:00:00,8.5,77.5,2022-11-14 01:00:00,2022,11,14,1,318,1,20221114,False,2,inv2223
42674,14-11-2022,02:00:00,8.79,79.5,2022-11-14 02:00:00,2022,11,14,1,318,2,20221114,False,2,inv2223
42675,14-11-2022,03:00:00,9.12,69.0,2022-11-14 03:00:00,2022,11,14,1,318,3,20221114,False,2,inv2223
42676,14-11-2022,04:00:00,9.42,69.5,2022-11-14 04:00:00,2022,11,14,1,318,4,20221114,False,2,inv2223
42677,14-11-2022,05:00:00,8.78,86.0,2022-11-14 05:00:00,2022,11,14,1,318,5,20221114,False,2,inv2223
42678,14-11-2022,06:00:00,7.97,330.0,2022-11-14 06:00:00,2022,11,14,1,318,6,20221114,False,2,inv2223
42691,14-11-2022,19:00:00,9.68,40.0,2022-11-14 19:00:00,2022,11,14,1,318,19,20221114,False,2,inv2223
42692,14-11-2022,20:00:00,9.64,23.5,2022-11-14 20:00:00,2022,11,14,1,318,20,20221114,False,2,inv2223
42693,14-11-2022,21:00:00,9.19,24.5,2022-11-14 21:00:00,2022,11,14,1,318,21,20221114,False,2,inv2223
42694,14-11-2022,22:00:00,8.75,67.0,2022-11-14 22:00:00,2022,11,14,1,318,22,20221114,False,2,inv2223
42695,14-11-2022,23:00:00,8.61,78.5,2022-11-14 23:00:00,2022,11,14,1,318,23,20221114,False,2,inv2223
42696,15-11-2022,00:00:00,8.15,78.0,2022-11-15 00:00:00,2022,11,15,2,319,0,20221115,False,2,inv2223
42697,15-11-2022,01:00:00,6.96,85.0,2022-11-15 01:00:00,2022,11,15,2,319,1,20221115,False,2,inv2223
42698,15-11-2022,02:00:00,6.37,76.5,2022-11-15 02:00:00,2022,11,15,2,319,2,20221115,False,2,inv2223
42699,15-11-2022,03:00:00,4.79,80.0,2022-11-15 03:00:00,2022,11,15,2,319,3,20221115,False,2,inv2223
42700,15-11-2022,04:00:00,4.1,86.5,2022-11-15 04:00:00,2022,11,15,2,319,4,20221115,False,2,inv2223
42701,15-11-2022,05:00:00,4.9,78.0,2022-11-15 05:00:00,2022,11,15,2,319,5,20221115,False,2,inv2223
42702,15-11-2022,06:00:00,5.39,328.0,2022-11-15 06:00:00,2022,11,15,2,319,6,20221115,False,2,inv2223
42715,15-11-2022,19:00:00,10.2,44.5,2022-11-15 19:00:00,2022,11,15,2,319,19,20221115,False,2,inv2223
42716,15-11-2022,20:00:00,10.18,26.5,2022-11-15 20:00:00,2022,11,15,2,319,20,20221115,False,2,inv2223
42717,15-11-2022,21:00:00,10.49,31.5,2022-11-15 21:00:00,2022,11,15,2,319,21,20221115,False,2,inv2223
42718,15-11-2022,22:00:00,10.45,68.5,2022-11-15 22:00:00,2022,11,15,2,319,22,20221115,False,2,inv2223
42719,15-11-2022,23:00:00,10.29,73.0,2022-11-15 23:00:00,2022,11,15,2,319,23,20221115,False,2,inv2223
42720,16-11-2022,00:00:00,10.77,69.5,2022-11-16 00:00:00,2022,11,16,3,320,0,20221116,False,2,inv2223
42721,16-11-2022,01:00:00,10.82,66.5,2022-11-16 01:00:00,2022,11,16,3,320,1,20221116,False,2,inv2223
42722,16-11-2022,02:00:00,11.07,71.0,2022-11-16 02:00:00,2022,11,16,3,320,2,20221116,False,2,inv2223
42723,16-11-2022,03:00:00,11.44,68.0,2022-11-16 03:00:00,2022,11,16,3,320,3,20221116,False,2,inv2223
42724,16-11-2022,04:00:00,11.69,70.0,2022-11-16 04:00:00,2022,11,16,3,320,4,20221116,False,2,inv2223
42725,16-11-2022,05:00:00,11.99,67.0,2022-11-16 05:00:00,2022,11,16,3,320,5,20221116,False,2,inv2223
42726,16-11-2022,06:00:00,12.08,294.5,2022-11-16 06:00:00,2022,11,16,3,320,6,20221116,False,2,inv2223
42739,16-11-2022,19:00:00,11.78,32.0,2022-11-16 19:00:00,2022,11,16,3,320,19,20221116,False,2,inv2223
42740,16-11-2022,20:00:00,11.29,1.5,2022-11-16 20:00:00,2022,11,16,3,320,20,20221116,False,2,inv2223
42741,16-11-2022,21:00:00,11.01,63.5,2022-11-16 21:00:00,2022,11,16,3,320,21,20221116,False,2,inv2223
42742,16-11-2022,22:00:00,10.86,83.0,2022-11-16 22:00:00,2022,11,16,3,320,22,20221116,False,2,inv2223
42743,16-11-2022,23:00:00,10.13,71.0,2022-11-16 23:00:00,2022,11,16,3,320,23,20221116,False,2,inv2223
42744,17-11-2022,00:00:00,9.73,71.5,2022-11-17 00:00:00,2022,11,17,4,321,0,20221117,False,2,inv2223
42745,17-11-2022,01:00:00,8.93,75.0,2022-11-17 01:00:00,2022,11,17,4,321,1,20221117,False,2,inv2223
42746,17-11-2022,02:00:00,8.43,83.0,2022-11-17 02:00:00,2022,11,17,4,321,2,20221117,False,2,inv2223
42747,17-11-2022,03:00:00,8.24,76.0,2022-11-17 03:00:00,2022,11,17,4,321,3,20221117,False,2,inv2223
42748,17-11-2022,04:00:00,8.81,70.5,2022-11-17 04:00:00,2022,11,17,4,321,4,20221117,False,2,inv2223
42749,17-11-2022,05:00:00,9.42,70.5,2022-11-17 05:00:00,2022,11,17,4,321,5,20221117,False,2,inv2223
42750,17-11-2022,06:00:00,9.54,328.0,2022-11-17 06:00:00,2022,11,17,4,321,6,20221117,False,2,inv2223
42763,17-11-2022,19:00:00,10.75,33.0,2022-11-17 19:00:00,2022,11,17,4,321,19,20221117,False,2,inv2223
42764,17-11-2022,20:00:00,10.33,21.5,2022-11-17 20:00:00,2022,11,17,4,321,20,20221117,False,2,inv2223
42765,17-11-2022,21:00:00,9.47,18.5,2022-11-17 21:00:00,2022,11,17,4,321,21,20221117,False,2,inv2223
42766,17-11-2022,22:00:00,9.41,53.0,2022-11-17 22:00:00,2022,11,17,4,321,22,20221117,False,2,inv2223
42767,17-11-2022,23:00:00,9.68,63.0,2022-11-17 23:00:00,2022,11,17,4,321,23,20221117,False,2,inv2223
42768,18-11-2022,00:00:00,10.23,60.0,2022-11-18 00:00:00,2022,11,18,5,322,0,20221118,False,2,inv2223
42769,18-11-2022,01:00:00,10.54,63.0,2022-11-18 01:00:00,2022,11,18,5,322,1,20221118,False,2,inv2223
42770,18-11-2022,02:00:00,11.07,61.0,2022-11-18 02:00:00,2022,11,18,5,322,2,20221118,False,2,inv2223
42771,18-11-2022,03:00:00,12.2,55.5,2022-11-18 03:00:00,2022,11,18,5,322,3,20221118,False,2,inv2223
42772,18-11-2022,04:00:00,11.77,69.0,2022-11-18 04:00:00,2022,11,18,5,322,4,20221118,False,2,inv2223
42773,18-11-2022,05:00:00,10.84,74.0,2022-11-18 05:00:00,2022,11,18,5,322,5,20221118,False,2,inv2223
42774,18-11-2022,06:00:00,10.19,328.5,2022-11-18 06:00:00,2022,11,18,5,322,6,20221118,False,2,inv2223
42787,18-11-2022,19:00:00,5.25,50.0,2022-11-18 19:00:00,2022,11,18,5,322,19,20221118,False,2,inv2223
42788,18-11-2022,20:00:00,3.96,31.0,2022-11-18 20:00:00,2022,11,18,5,322,20,20221118,False,2,inv2223
42789,18-11-2022,21:00:00,3.53,83.5,2022-11-18 21:00:00,2022,11,18,5,322,21,20221118,False,2,inv2223
42790,18-11-2022,22:00:00,2.99,106.0,2022-11-18 22:00:00,2022,11,18,5,322,22,20221118,False,2,inv2223
42791,18-11-2022,23:00:00,2.74,101.5,2022-11-18 23:00:00,2022,11,18,5,322,23,20221118,False,2,inv2223
42840,21-11-2022,00:00:00,3.31,139.0,2022-11-21 00:00:00,2022,11,21,1,325,0,20221121,False,2,inv2223
42841,21-11-2022,01:00:00,3.66,126.0,2022-11-21 01:00:00,2022,11,21,1,325,1,20221121,False,2,inv2223
42842,21-11-2022,02:00:00,3.34,131.0,2022-11-21 02:00:00,2022,11,21,1,325,2,20221121,False,2,inv2223
42843,21-11-2022,03:00:00,2.17,146.0,2022-11-21 03:00:00,2022,11,21,1,325,3,20221121,False,2,inv2223
42844,21-11-2022,04:00:00,0.29,142.0,2022-11-21 04:00:00,2022,11,21,1,325,4,20221121,False,2,inv2223
42845,21-11-2022,05:00:00,0.85,130.0,2022-11-21 05:00:00,2022,11,21,1,325,5,20221121,False,2,inv2223
42846,21-11-2022,06:00:00,1.87,364.0,2022-11-21 06:00:00,2022,11,21,1,325,6,20221121,False,2,inv2223
42859,21-11-2022,19:00:00,5.25,99.5,2022-11-21 19:00:00,2022,11,21,1,325,19,20221121,False,2,inv2223
42860,21-11-2022,20:00:00,6.51,159.5,2022-11-21 20:00:00,2022,11,21,1,325,20,20221121,False,2,inv2223
42861,21-11-2022,21:00:00,7.25,149.5,2022-11-21 21:00:00,2022,11,21,1,325,21,20221121,False,2,inv2223
42862,21-11-2022,22:00:00,8.32,156.0,2022-11-21 22:00:00,2022,11,21,1,325,22,20221121,False,2,inv2223
42863,21-11-2022,23:00:00,8.21,157.0,2022-11-21 23:00:00,2022,11,21,1,325,23,20221121,False,2,inv2223
42864,22-11-2022,00:00:00,7.46,195.0,2022-11-22 00:00:00,2022,11,22,2,326,0,20221122,False,2,inv2223
42865,22-11-2022,01:00:00,7.36,176.0,2022-11-22 01:00:00,2022,11,22,2,326,1,20221122,False,2,inv2223
42866,22-11-2022,02:00:00,7.58,162.0,2022-11-22 02:00:00,2022,11,22,2,326,2,20221122,False,2,inv2223
42867,22-11-2022,03:00:00,9.39,151.0,2022-11-22 03:00:00,2022,11,22,2,326,3,20221122,False,2,inv2223
42868,22-11-2022,04:00:00,9.6,161.5,2022-11-22 04:00:00,2022,11,22,2,326,4,20221122,False,2,inv2223
42869,22-11-2022,05:00:00,9.77,174.0,2022-11-22 05:00:00,2022,11,22,2,326,5,20221122,False,2,inv2223
42870,22-11-2022,06:00:00,9.48,318.5,2022-11-22 06:00:00,2022,11,22,2,326,6,20221122,False,2,inv2223
42883,22-11-2022,19:00:00,5.23,302.5,2022-11-22 19:00:00,2022,11,22,2,326,19,20221122,False,2,inv2223
42884,22-11-2022,20:00:00,5.45,221.0,2022-11-22 20:00:00,2022,11,22,2,326,20,20221122,False,2,inv2223
42885,22-11-2022,21:00:00,5.69,129.5,2022-11-22 21:00:00,2022,11,22,2,326,21,20221122,False,2,inv2223
42886,22-11-2022,22:00:00,5.85,155.5,2022-11-22 22:00:00,2022,11,22,2,326,22,20221122,False,2,inv2223
42887,22-11-2022,23:00:00,5.32,186.0,2022-11-22 23:00:00,2022,11,22,2,326,23,20221122,False,2,inv2223
42888,23-11-2022,00:00:00,4.89,192.0,2022-11-23 00:00:00,2022,11,23,3,327,0,20221123,False,2,inv2223
42889,23-11-2022,01:00:00,4.92,193.0,2022-11-23 01:00:00,2022,11,23,3,327,1,20221123,False,2,inv2223
42890,23-11-2022,02:00:00,5.02,186.0,2022-11-23 02:00:00,2022,11,23,3,327,2,20221123,False,2,inv2223
42891,23-11-2022,03:00:00,5.15,190.0,2022-11-23 03:00:00,2022,11,23,3,327,3,20221123,False,2,inv2223
42892,23-11-2022,04:00:00,5.3,260.5,2022-11-23 04:00:00,2022,11,23,3,327,4,20221123,False,2,inv2223
42893,23-11-2022,05:00:00,5.29,246.0,2022-11-23 05:00:00,2022,11,23,3,327,5,20221123,False,2,inv2223
42894,23-11-2022,06:00:00,5.31,210.5,2022-11-23 06:00:00,2022,11,23,3,327,6,20221123,False,2,inv2223
42907,23-11-2022,19:00:00,1.39,77.0,2022-11-23 19:00:00,2022,11,23,3,327,19,20221123,False,2,inv2223
42908,23-11-2022,20:00:00,1.39,167.0,2022-11-23 20:00:00,2022,11,23,3,327,20,20221123,False,2,inv2223
42909,23-11-2022,21:00:00,0.99,207.5,2022-11-23 21:00:00,2022,11,23,3,327,21,20221123,False,2,inv2223
42910,23-11-2022,22:00:00,0.93,189.5,2022-11-23 22:00:00,2022,11,23,3,327,22,20221123,False,2,inv2223
42911,23-11-2022,23:00:00,0.75,204.5,2022-11-23 23:00:00,2022,11,23,3,327,23,20221123,False,2,inv2223
42912,24-11-2022,00:00:00,0.56,195.5,2022-11-24 00:00:00,2022,11,24,4,328,0,20221124,False,2,inv2223
42913,24-11-2022,01:00:00,-0.1,204.5,2022-11-24 01:00:00,2022,11,24,4,328,1,20221124,False,2,inv2223
42914,24-11-2022,02:00:00,0.04,207.5,2022-11-24 02:00:00,2022,11,24,4,328,2,20221124,False,2,inv2223
42915,24-11-2022,03:00:00,1.57,188.0,2022-11-24 03:00:00,2022,11,24,4,328,3,20221124,False,2,inv2223
42916,24-11-2022,04:00:00,2.25,202.0,2022-11-24 04:00:00,2022,11,24,4,328,4,20221124,False,2,inv2223
42917,24-11-2022,05:00:00,2.05,201.5,2022-11-24 05:00:00,2022,11,24,4,328,5,20221124,False,2,inv2223
42931,24-11-2022,19:00:00,3.93,72.5,2022-11-24 19:00:00,2022,11,24,4,328,19,20221124,False,2,inv2223
42932,24-11-2022,20:00:00,2.57,64.0,2022-11-24 20:00:00,2022,11,24,4,328,20,20221124,False,2,inv2223
42933,24-11-2022,21:00:00,3.54,121.5,2022-11-24 21:00:00,2022,11,24,4,328,21,20221124,False,2,inv2223
42934,24-11-2022,22:00:00,3.34,136.0,2022-11-24 22:00:00,2022,11,24,4,328,22,20221124,False,2,inv2223
42935,24-11-2022,23:00:00,2.44,140.5,2022-11-24 23:00:00,2022,11,24,4,328,23,20221124,False,2,inv2223
42936,25-11-2022,00:00:00,1.49,146.5,2022-11-25 00:00:00,2022,11,25,5,329,0,20221125,False,2,inv2223
42937,25-11-2022,01:00:00,2.09,142.0,2022-11-25 01:00:00,2022,11,25,5,329,1,20221125,False,2,inv2223
42938,25-11-2022,02:00:00,2.81,145.5,2022-11-25 02:00:00,2022,11,25,5,329,2,20221125,False,2,inv2223
42939,25-11-2022,03:00:00,3.07,140.0,2022-11-25 03:00:00,2022,11,25,5,329,3,20221125,False,2,inv2223
42940,25-11-2022,04:00:00,3.34,152.0,2022-11-25 04:00:00,2022,11,25,5,329,4,20221125,False,2,inv2223
42941,25-11-2022,05:00:00,2.56,150.0,2022-11-25 05:00:00,2022,11,25,5,329,5,20221125,False,2,inv2223
42942,25-11-2022,06:00:00,2.29,401.0,2022-11-25 06:00:00,2022,11,25,5,329,6,20221125,False,2,inv2223
42955,25-11-2022,19:00:00,5.56,66.5,2022-11-25 19:00:00,2022,11,25,5,329,19,20221125,False,2,inv2223
42956,25-11-2022,20:00:00,4.34,57.5,2022-11-25 20:00:00,2022,11,25,5,329,20,20221125,False,2,inv2223
42957,25-11-2022,21:00:00,3.4,121.5,2022-11-25 21:00:00,2022,11,25,5,329,21,20221125,False,2,inv2223
42958,25-11-2022,22:00:00,4.16,132.0,2022-11-25 22:00:00,2022,11,25,5,329,22,20221125,False,2,inv2223
42959,25-11-2022,23:00:00,5.59,126.5,2022-11-25 23:00:00,2022,11,25,5,329,23,20221125,False,2,inv2223
43008,28-11-2022,00:00:00,4.3,171.5,2022-11-28 00:00:00,2022,11,28,1,332,0,20221128,False,2,inv2223
43009,28-11-2022,01:00:00,3.84,171.5,2022-11-28 01:00:00,2022,11,28,1,332,1,20221128,False,2,inv2223
43010,28-11-2022,02:00:00,3.53,141.0,2022-11-28 02:00:00,2022,11,28,1,332,2,20221128,False,2,inv2223
43011,28-11-2022,03:00:00,3.77,125.0,2022-11-28 03:00:00,2022,11,28,1,332,3,20221128,False,2,inv2223
43012,28-11-2022,04:00:00,3.04,126.5,2022-11-28 04:00:00,2022,11,28,1,332,4,20221128,False,2,inv2223
43013,28-11-2022,05:00:00,3.47,129.5,2022-11-28 05:00:00,2022,11,28,1,332,5,20221128,False,2,inv2223
43014,28-11-2022,06:00:00,2.51,347.0,2022-11-28 06:00:00,2022,11,28,1,332,6,20221128,False,2,inv2223
43027,28-11-2022,19:00:00,5.42,72.0,2022-11-28 19:00:00,2022,11,28,1,332,19,20221128,False,2,inv2223
43028,28-11-2022,20:00:00,5.18,126.0,2022-11-28 20:00:00,2022,11,28,1,332,20,20221128,False,2,inv2223
43029,28-11-2022,21:00:00,4.94,170.5,2022-11-28 21:00:00,2022,11,28,1,332,21,20221128,False,2,inv2223
43030,28-11-2022,22:00:00,4.75,152.5,2022-11-28 22:00:00,2022,11,28,1,332,22,20221128,False,2,inv2223
43031,28-11-2022,23:00:00,4.62,160.5,2022-11-28 23:00:00,2022,11,28,1,332,23,20221128,False,2,inv2223
43032,29-11-2022,00:00:00,4.6,158.0,2022-11-29 00:00:00,2022,11,29,2,333,0,20221129,False,2,inv2223
43033,29-11-2022,01:00:00,4.51,177.0,2022-11-29 01:00:00,2022,11,29,2,333,1,20221129,False,2,inv2223
43034,29-11-2022,02:00:00,3.97,180.0,2022-11-29 02:00:00,2022,11,29,2,333,2,20221129,False,2,inv2223
43035,29-11-2022,03:00:00,3.69,161.5,2022-11-29 03:00:00,2022,11,29,2,333,3,20221129,False,2,inv2223
43036,29-11-2022,04:00:00,3.71,190.5,2022-11-29 04:00:00,2022,11,29,2,333,4,20221129,False,2,inv2223
43037,29-11-2022,05:00:00,3.69,177.5,2022-11-29 05:00:00,2022,11,29,2,333,5,20221129,False,2,inv2223
43038,29-11-2022,06:00:00,3.71,385.5,2022-11-29 06:00:00,2022,11,29,2,333,6,20221129,False,2,inv2223
43051,29-11-2022,19:00:00,3.45,65.5,2022-11-29 19:00:00,2022,11,29,2,333,19,20221129,False,2,inv2223
43052,29-11-2022,20:00:00,3.35,181.0,2022-11-29 20:00:00,2022,11,29,2,333,20,20221129,False,2,inv2223
43053,29-11-2022,21:00:00,3.45,196.5,2022-11-29 21:00:00,2022,11,29,2,333,21,20221129,False,2,inv2223
43054,29-11-2022,22:00:00,3.49,201.0,2022-11-29 22:00:00,2022,11,29,2,333,22,20221129,False,2,inv2223
43055,29-11-2022,23:00:00,3.6,205.0,2022-11-29 23:00:00,2022,11,29,2,333,23,20221129,False,2,inv2223
43056,30-11-2022,00:00:00,3.65,205.5,2022-11-30 00:00:00,2022,11,30,3,334,0,20221130,False,2,inv2223
43057,30-11-2022,01:00:00,3.57,198.0,2022-11-30 01:00:00,2022,11,30,3,334,1,20221130,False,2,inv2223
43058,30-11-2022,02:00:00,3.47,205.5,2022-11-30 02:00:00,2022,11,30,3,334,2,20221130,False,2,inv2223
43059,30-11-2022,03:00:00,3.6,200.5,2022-11-30 03:00:00,2022,11,30,3,334,3,20221130,False,2,inv2223
43060,30-11-2022,04:00:00,3.86,196.5,2022-11-30 04:00:00,2022,11,30,3,334,4,20221130,False,2,inv2223
43061,30-11-2022,05:00:00,3.72,206.5,2022-11-30 05:00:00,2022,11,30,3,334,5,20221130,False,2,inv2223
43075,30-11-2022,19:00:00,4.84,43.0,2022-11-30 19:00:00,2022,11,30,3,334,19,20221130,False,2,inv2223
43076,30-11-2022,20:00:00,4.94,148.5,2022-11-30 20:00:00,2022,11,30,3,334,20,20221130,False,2,inv2223
43077,30-11-2022,21:00:00,4.83,162.0,2022-11-30 21:00:00,2022,11,30,3,334,21,20221130,False,2,inv2223
43078,30-11-2022,22:00:00,4.62,170.5,2022-11-30 22:00:00,2022,11,30,3,334,22,20221130,False,2,inv2223
43079,30-11-2022,23:00:00,4.62,165.5,2022-11-30 23:00:00,2022,11,30,3,334,23,20221130,False,2,inv2223
43080,01-12-2022,00:00:00,4.56,168.0,2022-12-01 00:00:00,2022,12,1,4,335,0,20221201,False,2,inv2223
43081,01-12-2022,01:00:00,4.3,170.0,2022-12-01 01:00:00,2022,12,1,4,335,1,20221201,False,2,inv2223
43082,01-12-2022,02:00:00,4.17,170.5,2022-12-01 02:00:00,2022,12,1,4,335,2,20221201,False,2,inv2223
43083,01-12-2022,03:00:00,4.27,168.0,2022-12-01 03:00:00,2022,12,1,4,335,3,20221201,False,2,inv2223
43084,01-12-2022,04:00:00,4.36,170.5,2022-12-01 04:00:00,2022,12,1,4,335,4,20221201,False,2,inv2223
43085,01-12-2022,05:00:00,4.47,169.5,2022-12-01 05:00:00,2022,12,1,4,335,5,20221201,False,2,inv2223
43099,01-12-2022,19:00:00,4.47,75.0,2022-12-01 19:00:00,2022,12,1,4,335,19,20221201,False,2,inv2223
43100,01-12-2022,20:00:00,4.08,131.0,2022-12-01 20:00:00,2022,12,1,4,335,20,20221201,False,2,inv2223
43101,01-12-2022,21:00:00,4.22,141.5,2022-12-01 21:00:00,2022,12,1,4,335,21,20221201,False,2,inv2223
43102,01-12-2022,22:00:00,4.57,140.0,2022-12-01 22:00:00,2022,12,1,4,335,22,20221201,False,2,inv2223
43103,01-12-2022,23:00:00,4.62,139.5,2022-12-01 23:00:00,2022,12,1,4,335,23,20221201,False,2,inv2223
43104,02-12-2022,00:00:00,4.06,150.5,2022-12-02 00:00:00,2022,12,2,5,336,0,20221202,False,2,inv2223
43105,02-12-2022,01:00:00,3.64,148.5,2022-12-02 01:00:00,2022,12,2,5,336,1,20221202,False,2,inv2223
43106,02-12-2022,02:00:00,3.57,152.5,2022-12-02 02:00:00,2022,12,2,5,336,2,20221202,False,2,inv2223
43107,02-12-2022,03:00:00,3.47,152.0,2022-12-02 03:00:00,2022,12,2,5,336,3,20221202,False,2,inv2223
43108,02-12-2022,04:00:00,3.44,151.0,2022-12-02 04:00:00,2022,12,2,5,336,4,20221202,False,2,inv2223
43109,02-12-2022,05:00:00,3.71,144.5,2022-12-02 05:00:00,2022,12,2,5,336,5,20221202,False,2,inv2223
43110,02-12-2022,06:00:00,3.73,364.0,2022-12-02 06:00:00,2022,12,2,5,336,6,20221202,False,2,inv2223
43123,02-12-2022,19:00:00,5.2,69.5,2022-12-02 19:00:00,2022,12,2,5,336,19,20221202,False,2,inv2223
43124,02-12-2022,20:00:00,5.03,102.0,2022-12-02 20:00:00,2022,12,2,5,336,20,20221202,False,2,inv2223
43125,02-12-2022,21:00:00,4.71,128.0,2022-12-02 21:00:00,2022,12,2,5,336,21,20221202,False,2,inv2223
43126,02-12-2022,22:00:00,5.22,122.0,2022-12-02 22:00:00,2022,12,2,5,336,22,20221202,False,2,inv2223
43127,02-12-2022,23:00:00,5.72,129.0,2022-12-02 23:00:00,2022,12,2,5,336,23,20221202,False,2,inv2223
43176,05-12-2022,00:00:00,6.29,114.5,2022-12-05 00:00:00,2022,12,5,1,339,0,20221205,False,2,inv2223
43177,05-12-2022,01:00:00,5.59,115.0,2022-12-05 01:00:00,2022,12,5,1,339,1,20221205,False,2,inv2223
43178,05-12-2022,02:00:00,4.81,125.0,2022-12-05 02:00:00,2022,12,5,1,339,2,20221205,False,2,inv2223
43179,05-12-2022,03:00:00,5.0,115.5,2022-12-05 03:00:00,2022,12,5,1,339,3,20221205,False,2,inv2223
43180,05-12-2022,04:00:00,6.55,107.0,2022-12-05 04:00:00,2022,12,5,1,339,4,20221205,False,2,inv2223
43181,05-12-2022,05:00:00,7.81,107.5,2022-12-05 05:00:00,2022,12,5,1,339,5,20221205,False,2,inv2223
43182,05-12-2022,06:00:00,8.87,320.5,2022-12-05 06:00:00,2022,12,5,1,339,6,20221205,False,2,inv2223
43195,05-12-2022,19:00:00,12.0,49.5,2022-12-05 19:00:00,2022,12,5,1,339,19,20221205,False,2,inv2223
43196,05-12-2022,20:00:00,11.1,61.5,2022-12-05 20:00:00,2022,12,5,1,339,20,20221205,False,2,inv2223
43197,05-12-2022,21:00:00,9.07,110.0,2022-12-05 21:00:00,2022,12,5,1,339,21,20221205,False,2,inv2223
43198,05-12-2022,22:00:00,9.34,110.0,2022-12-05 22:00:00,2022,12,5,1,339,22,20221205,False,2,inv2223
43199,05-12-2022,23:00:00,9.32,110.0,2022-12-05 23:00:00,2022,12,5,1,339,23,20221205,False,2,inv2223
43200,06-12-2022,00:00:00,9.49,115.0,2022-12-06 00:00:00,2022,12,6,2,340,0,20221206,False,2,inv2223
43201,06-12-2022,01:00:00,9.08,114.0,2022-12-06 01:00:00,2022,12,6,2,340,1,20221206,False,2,inv2223
43202,06-12-2022,02:00:00,9.0,117.5,2022-12-06 02:00:00,2022,12,6,2,340,2,20221206,False,2,inv2223
43203,06-12-2022,03:00:00,8.66,119.0,2022-12-06 03:00:00,2022,12,6,2,340,3,20221206,False,2,inv2223
43204,06-12-2022,04:00:00,7.9,120.5,2022-12-06 04:00:00,2022,12,6,2,340,4,20221206,False,2,inv2223
43205,06-12-2022,05:00:00,7.46,124.5,2022-12-06 05:00:00,2022,12,6,2,340,5,20221206,False,2,inv2223
43206,06-12-2022,06:00:00,6.69,372.5,2022-12-06 06:00:00,2022,12,6,2,340,6,20221206,False,2,inv2223
43219,06-12-2022,19:00:00,3.47,62.5,2022-12-06 19:00:00,2022,12,6,2,340,19,20221206,False,2,inv2223
43220,06-12-2022,20:00:00,3.0,53.5,2022-12-06 20:00:00,2022,12,6,2,340,20,20221206,False,2,inv2223
43221,06-12-2022,21:00:00,2.61,109.0,2022-12-06 21:00:00,2022,12,6,2,340,21,20221206,False,2,inv2223
43222,06-12-2022,22:00:00,4.19,121.5,2022-12-06 22:00:00,2022,12,6,2,340,22,20221206,False,2,inv2223
43223,06-12-2022,23:00:00,4.32,117.5,2022-12-06 23:00:00,2022,12,6,2,340,23,20221206,False,2,inv2223
43224,07-12-2022,00:00:00,3.55,119.0,2022-12-07 00:00:00,2022,12,7,3,341,0,20221207,False,2,inv2223
43225,07-12-2022,01:00:00,3.66,123.0,2022-12-07 01:00:00,2022,12,7,3,341,1,20221207,False,2,inv2223
43226,07-12-2022,02:00:00,3.81,125.5,2022-12-07 02:00:00,2022,12,7,3,341,2,20221207,False,2,inv2223
43227,07-12-2022,03:00:00,2.72,126.5,2022-12-07 03:00:00,2022,12,7,3,341,3,20221207,False,2,inv2223
43228,07-12-2022,04:00:00,3.22,133.0,2022-12-07 04:00:00,2022,12,7,3,341,4,20221207,False,2,inv2223
43229,07-12-2022,05:00:00,3.17,126.0,2022-12-07 05:00:00,2022,12,7,3,341,5,20221207,False,2,inv2223
43230,07-12-2022,06:00:00,3.91,285.0,2022-12-07 06:00:00,2022,12,7,3,341,6,20221207,False,2,inv2223
43243,07-12-2022,19:00:00,5.84,41.5,2022-12-07 19:00:00,2022,12,7,3,341,19,20221207,False,2,inv2223
43244,07-12-2022,20:00:00,5.86,77.0,2022-12-07 20:00:00,2022,12,7,3,341,20,20221207,False,2,inv2223
43245,07-12-2022,21:00:00,5.95,90.0,2022-12-07 21:00:00,2022,12,7,3,341,21,20221207,False,2,inv2223
43246,07-12-2022,22:00:00,6.31,85.5,2022-12-07 22:00:00,2022,12,7,3,341,22,20221207,False,2,inv2223
43247,07-12-2022,23:00:00,6.36,86.0,2022-12-07 23:00:00,2022,12,7,3,341,23,20221207,False,2,inv2223
43248,08-12-2022,00:00:00,6.03,89.0,2022-12-08 00:00:00,2022,12,8,4,342,0,20221208,False,2,inv2223
43249,08-12-2022,01:00:00,5.41,93.0,2022-12-08 01:00:00,2022,12,8,4,342,1,20221208,False,2,inv2223
43250,08-12-2022,02:00:00,5.45,89.5,2022-12-08 02:00:00,2022,12,8,4,342,2,20221208,False,2,inv2223
43251,08-12-2022,03:00:00,5.76,85.5,2022-12-08 03:00:00,2022,12,8,4,342,3,20221208,False,2,inv2223
43252,08-12-2022,04:00:00,5.13,78.5,2022-12-08 04:00:00,2022,12,8,4,342,4,20221208,False,2,inv2223
43253,08-12-2022,05:00:00,4.94,95.0,2022-12-08 05:00:00,2022,12,8,4,342,5,20221208,False,2,inv2223
43254,08-12-2022,06:00:00,4.95,102.0,2022-12-08 06:00:00,2022,12,8,4,342,6,20221208,False,2,inv2223
43267,08-12-2022,19:00:00,7.39,117.5,2022-12-08 19:00:00,2022,12,8,4,342,19,20221208,False,2,inv2223
43268,08-12-2022,20:00:00,7.17,80.0,2022-12-08 20:00:00,2022,12,8,4,342,20,20221208,False,2,inv2223
43269,08-12-2022,21:00:00,7.36,72.5,2022-12-08 21:00:00,2022,12,8,4,342,21,20221208,False,2,inv2223
43270,08-12-2022,22:00:00,7.23,78.0,2022-12-08 22:00:00,2022,12,8,4,342,22,20221208,False,2,inv2223
43271,08-12-2022,23:00:00,7.11,77.5,2022-12-08 23:00:00,2022,12,8,4,342,23,20221208,False,2,inv2223
43272,09-12-2022,00:00:00,7.12,71.0,2022-12-09 00:00:00,2022,12,9,5,343,0,20221209,False,2,inv2223
43273,09-12-2022,01:00:00,7.0,77.0,2022-12-09 01:00:00,2022,12,9,5,343,1,20221209,False,2,inv2223
43274,09-12-2022,02:00:00,6.84,81.0,2022-12-09 02:00:00,2022,12,9,5,343,2,20221209,False,2,inv2223
43275,09-12-2022,03:00:00,6.88,76.5,2022-12-09 03:00:00,2022,12,9,5,343,3,20221209,False,2,inv2223
43276,09-12-2022,04:00:00,6.93,76.0,2022-12-09 04:00:00,2022,12,9,5,343,4,20221209,False,2,inv2223
43277,09-12-2022,05:00:00,7.08,74.0,2022-12-09 05:00:00,2022,12,9,5,343,5,20221209,False,2,inv2223
43278,09-12-2022,06:00:00,7.11,231.0,2022-12-09 06:00:00,2022,12,9,5,343,6,20221209,False,2,inv2223
43291,09-12-2022,19:00:00,11.01,19.5,2022-12-09 19:00:00,2022,12,9,5,343,19,20221209,False,2,inv2223
43292,09-12-2022,20:00:00,11.06,8.5,2022-12-09 20:00:00,2022,12,9,5,343,20,20221209,False,2,inv2223
43293,09-12-2022,21:00:00,10.72,32.0,2022-12-09 21:00:00,2022,12,9,5,343,21,20221209,False,2,inv2223
43294,09-12-2022,22:00:00,10.67,67.0,2022-12-09 22:00:00,2022,12,9,5,343,22,20221209,False,2,inv2223
43295,09-12-2022,23:00:00,10.5,61.0,2022-12-09 23:00:00,2022,12,9,5,343,23,20221209,False,2,inv2223
43344,12-12-2022,00:00:00,0.16,121.0,2022-12-12 00:00:00,2022,12,12,1,346,0,20221212,False,2,inv2223
43345,12-12-2022,01:00:00,0.17,115.5,2022-12-12 01:00:00,2022,12,12,1,346,1,20221212,False,2,inv2223
43346,12-12-2022,02:00:00,-0.05,119.0,2022-12-12 02:00:00,2022,12,12,1,346,2,20221212,False,2,inv2223
43347,12-12-2022,03:00:00,-0.11,118.0,2022-12-12 03:00:00,2022,12,12,1,346,3,20221212,False,2,inv2223
43348,12-12-2022,04:00:00,-0.26,128.5,2022-12-12 04:00:00,2022,12,12,1,346,4,20221212,False,2,inv2223
43349,12-12-2022,05:00:00,-0.63,132.0,2022-12-12 05:00:00,2022,12,12,1,346,5,20221212,False,2,inv2223
43350,12-12-2022,06:00:00,-1.29,251.0,2022-12-12 06:00:00,2022,12,12,1,346,6,20221212,False,2,inv2223
43364,12-12-2022,20:00:00,-2.74,89.0,2022-12-12 20:00:00,2022,12,12,1,346,20,20221212,False,2,inv2223
43365,12-12-2022,21:00:00,-3.03,104.0,2022-12-12 21:00:00,2022,12,12,1,346,21,20221212,False,2,inv2223
43366,12-12-2022,22:00:00,-2.64,106.5,2022-12-12 22:00:00,2022,12,12,1,346,22,20221212,False,2,inv2223
43367,12-12-2022,23:00:00,-3.42,114.5,2022-12-12 23:00:00,2022,12,12,1,346,23,20221212,False,2,inv2223
43368,13-12-2022,00:00:00,-3.93,100.0,2022-12-13 00:00:00,2022,12,13,2,347,0,20221213,False,2,inv2223
43369,13-12-2022,01:00:00,-3.47,101.5,2022-12-13 01:00:00,2022,12,13,2,347,1,20221213,False,2,inv2223
43370,13-12-2022,02:00:00,-1.23,104.5,2022-12-13 02:00:00,2022,12,13,2,347,2,20221213,False,2,inv2223
43371,13-12-2022,03:00:00,-1.57,103.5,2022-12-13 03:00:00,2022,12,13,2,347,3,20221213,False,2,inv2223
43372,13-12-2022,04:00:00,-0.93,93.0,2022-12-13 04:00:00,2022,12,13,2,347,4,20221213,False,2,inv2223
43373,13-12-2022,05:00:00,-0.58,113.5,2022-12-13 05:00:00,2022,12,13,2,347,5,20221213,False,2,inv2223
43374,13-12-2022,06:00:00,-0.39,299.0,2022-12-13 06:00:00,2022,12,13,2,347,6,20221213,False,2,inv2223
43387,13-12-2022,19:00:00,0.86,35.5,2022-12-13 19:00:00,2022,12,13,2,347,19,20221213,False,2,inv2223
43388,13-12-2022,20:00:00,0.87,103.5,2022-12-13 20:00:00,2022,12,13,2,347,20,20221213,False,2,inv2223
43389,13-12-2022,21:00:00,0.94,122.5,2022-12-13 21:00:00,2022,12,13,2,347,21,20221213,False,2,inv2223
43390,13-12-2022,22:00:00,0.94,104.0,2022-12-13 22:00:00,2022,12,13,2,347,22,20221213,False,2,inv2223
43391,13-12-2022,23:00:00,0.96,109.5,2022-12-13 23:00:00,2022,12,13,2,347,23,20221213,False,2,inv2223
43392,14-12-2022,00:00:00,1.05,104.0,2022-12-14 00:00:00,2022,12,14,3,348,0,20221214,False,2,inv2223
43393,14-12-2022,01:00:00,0.97,110.5,2022-12-14 01:00:00,2022,12,14,3,348,1,20221214,False,2,inv2223
43394,14-12-2022,02:00:00,0.88,113.0,2022-12-14 02:00:00,2022,12,14,3,348,2,20221214,False,2,inv2223
43395,14-12-2022,03:00:00,0.89,113.5,2022-12-14 03:00:00,2022,12,14,3,348,3,20221214,False,2,inv2223
43396,14-12-2022,04:00:00,1.37,112.5,2022-12-14 04:00:00,2022,12,14,3,348,4,20221214,False,2,inv2223
43397,14-12-2022,05:00:00,1.31,101.0,2022-12-14 05:00:00,2022,12,14,3,348,5,20221214,False,2,inv2223
43411,14-12-2022,19:00:00,2.64,4.5,2022-12-14 19:00:00,2022,12,14,3,348,19,20221214,False,2,inv2223
43412,14-12-2022,20:00:00,2.52,4.0,2022-12-14 20:00:00,2022,12,14,3,348,20,20221214,False,2,inv2223
43413,14-12-2022,21:00:00,2.73,65.0,2022-12-14 21:00:00,2022,12,14,3,348,21,20221214,False,2,inv2223
43414,14-12-2022,22:00:00,2.86,88.5,2022-12-14 22:00:00,2022,12,14,3,348,22,20221214,False,2,inv2223
43415,14-12-2022,23:00:00,3.06,86.0,2022-12-14 23:00:00,2022,12,14,3,348,23,20221214,False,2,inv2223
43416,15-12-2022,00:00:00,3.74,86.5,2022-12-15 00:00:00,2022,12,15,4,349,0,20221215,False,2,inv2223
43417,15-12-2022,01:00:00,3.52,85.0,2022-12-15 01:00:00,2022,12,15,4,349,1,20221215,False,2,inv2223
43418,15-12-2022,02:00:00,3.75,88.5,2022-12-15 02:00:00,2022,12,15,4,349,2,20221215,False,2,inv2223
43419,15-12-2022,03:00:00,3.83,92.5,2022-12-15 03:00:00,2022,12,15,4,349,3,20221215,False,2,inv2223
43420,15-12-2022,04:00:00,3.79,91.0,2022-12-15 04:00:00,2022,12,15,4,349,4,20221215,False,2,inv2223
43421,15-12-2022,05:00:00,3.81,88.5,2022-12-15 05:00:00,2022,12,15,4,349,5,20221215,False,2,inv2223
43422,15-12-2022,06:00:00,3.5,387.0,2022-12-15 06:00:00,2022,12,15,4,349,6,20221215,False,2,inv2223
43437,15-12-2022,21:00:00,9.09,59.5,2022-12-15 21:00:00,2022,12,15,4,349,21,20221215,False,2,inv2223
43438,15-12-2022,22:00:00,10.33,54.0,2022-12-15 22:00:00,2022,12,15,4,349,22,20221215,False,2,inv2223
43439,15-12-2022,23:00:00,12.25,42.5,2022-12-15 23:00:00,2022,12,15,4,349,23,20221215,False,2,inv2223
43440,16-12-2022,00:00:00,12.21,60.0,2022-12-16 00:00:00,2022,12,16,5,350,0,20221216,False,2,inv2223
43441,16-12-2022,01:00:00,12.29,63.5,2022-12-16 01:00:00,2022,12,16,5,350,1,20221216,False,2,inv2223
43442,16-12-2022,02:00:00,12.08,67.0,2022-12-16 02:00:00,2022,12,16,5,350,2,20221216,False,2,inv2223
43443,16-12-2022,03:00:00,11.59,76.5,2022-12-16 03:00:00,2022,12,16,5,350,3,20221216,False,2,inv2223
43444,16-12-2022,04:00:00,10.99,71.0,2022-12-16 04:00:00,2022,12,16,5,350,4,20221216,False,2,inv2223
43445,16-12-2022,05:00:00,11.0,65.5,2022-12-16 05:00:00,2022,12,16,5,350,5,20221216,False,2,inv2223
43446,16-12-2022,06:00:00,10.92,365.0,2022-12-16 06:00:00,2022,12,16,5,350,6,20221216,False,2,inv2223
43459,16-12-2022,19:00:00,9.56,2.5,2022-12-16 19:00:00,2022,12,16,5,350,19,20221216,False,2,inv2223
43460,16-12-2022,20:00:00,9.56,13.0,2022-12-16 20:00:00,2022,12,16,5,350,20,20221216,False,2,inv2223
43461,16-12-2022,21:00:00,9.18,9.0,2022-12-16 21:00:00,2022,12,16,5,350,21,20221216,False,2,inv2223
43462,16-12-2022,22:00:00,9.09,44.0,2022-12-16 22:00:00,2022,12,16,5,350,22,20221216,False,2,inv2223
43463,16-12-2022,23:00:00,9.51,65.0,2022-12-16 23:00:00,2022,12,16,5,350,23,20221216,False,2,inv2223
42631,12-11-2022,07:00:00,11.98,92.5,2022-11-12 07:00:00,2022,11,12,6,316,7,20221112,False,3,inv2223
42632,12-11-2022,08:00:00,12.46,109.0,2022-11-12 08:00:00,2022,11,12,6,316,8,20221112,False,3,inv2223
42633,12-11-2022,09:00:00,14.3,101.0,2022-11-12 09:00:00,2022,11,12,6,316,9,20221112,False,3,inv2223
42634,12-11-2022,10:00:00,16.3,101.5,2022-11-12 10:00:00,2022,11,12,6,316,10,20221112,False,3,inv2223
42636,12-11-2022,12:00:00,16.3,82.0,2022-11-12 12:00:00,2022,11,12,6,316,12,20221112,False,3,inv2223
42637,12-11-2022,13:00:00,15.83,117.5,2022-11-12 13:00:00,2022,11,12,6,316,13,20221112,False,3,inv2223
42638,12-11-2022,14:00:00,15.62,127.0,2022-11-12 14:00:00,2022,11,12,6,316,14,20221112,False,3,inv2223
42639,12-11-2022,15:00:00,14.75,131.5,2022-11-12 15:00:00,2022,11,12,6,316,15,20221112,False,3,inv2223
42640,12-11-2022,16:00:00,14.25,125.5,2022-11-12 16:00:00,2022,11,12,6,316,16,20221112,False,3,inv2223
42641,12-11-2022,17:00:00,13.59,122.5,2022-11-12 17:00:00,2022,11,12,6,316,17,20221112,False,3,inv2223
42642,12-11-2022,18:00:00,13.53,112.5,2022-11-12 18:00:00,2022,11,12,6,316,18,20221112,False,3,inv2223
42655,13-11-2022,07:00:00,9.66,116.0,2022-11-13 07:00:00,2022,11,13,7,317,7,20221113,False,3,inv2223
42656,13-11-2022,08:00:00,10.8,126.0,2022-11-13 08:00:00,2022,11,13,7,317,8,20221113,False,3,inv2223
42657,13-11-2022,09:00:00,11.74,130.0,2022-11-13 09:00:00,2022,11,13,7,317,9,20221113,False,3,inv2223
42658,13-11-2022,10:00:00,11.53,124.0,2022-11-13 10:00:00,2022,11,13,7,317,10,20221113,False,3,inv2223
42659,13-11-2022,11:00:00,12.19,128.5,2022-11-13 11:00:00,2022,11,13,7,317,11,20221113,False,3,inv2223
42660,13-11-2022,12:00:00,12.09,129.0,2022-11-13 12:00:00,2022,11,13,7,317,12,20221113,False,3,inv2223
42661,13-11-2022,13:00:00,12.45,115.0,2022-11-13 13:00:00,2022,11,13,7,317,13,20221113,False,3,inv2223
42662,13-11-2022,14:00:00,11.73,133.0,2022-11-13 14:00:00,2022,11,13,7,317,14,20221113,False,3,inv2223
42663,13-11-2022,15:00:00,11.05,136.5,2022-11-13 15:00:00,2022,11,13,7,317,15,20221113,False,3,inv2223
42664,13-11-2022,16:00:00,10.72,134.0,2022-11-13 16:00:00,2022,11,13,7,317,16,20221113,False,3,inv2223
42665,13-11-2022,17:00:00,10.23,139.0,2022-11-13 17:00:00,2022,11,13,7,317,17,20221113,False,3,inv2223
42666,13-11-2022,18:00:00,9.7,146.0,2022-11-13 18:00:00,2022,11,13,7,317,18,20221113,False,3,inv2223
42800,19-11-2022,08:00:00,6.42,172.0,2022-11-19 08:00:00,2022,11,19,6,323,8,20221119,False,3,inv2223
42801,19-11-2022,09:00:00,8.73,164.5,2022-11-19 09:00:00,2022,11,19,6,323,9,20221119,False,3,inv2223
42802,19-11-2022,10:00:00,9.59,177.5,2022-11-19 10:00:00,2022,11,19,6,323,10,20221119,False,3,inv2223
42803,19-11-2022,11:00:00,10.51,176.0,2022-11-19 11:00:00,2022,11,19,6,323,11,20221119,False,3,inv2223
42804,19-11-2022,12:00:00,9.55,175.5,2022-11-19 12:00:00,2022,11,19,6,323,12,20221119,False,3,inv2223
42805,19-11-2022,13:00:00,8.74,199.0,2022-11-19 13:00:00,2022,11,19,6,323,13,20221119,False,3,inv2223
42806,19-11-2022,14:00:00,8.42,209.0,2022-11-19 14:00:00,2022,11,19,6,323,14,20221119,False,3,inv2223
42807,19-11-2022,15:00:00,7.94,220.0,2022-11-19 15:00:00,2022,11,19,6,323,15,20221119,False,3,inv2223
42808,19-11-2022,16:00:00,7.91,209.0,2022-11-19 16:00:00,2022,11,19,6,323,16,20221119,False,3,inv2223
42809,19-11-2022,17:00:00,7.47,218.0,2022-11-19 17:00:00,2022,11,19,6,323,17,20221119,False,3,inv2223
42810,19-11-2022,18:00:00,7.51,203.0,2022-11-19 18:00:00,2022,11,19,6,323,18,20221119,False,3,inv2223
42823,20-11-2022,07:00:00,5.28,175.0,2022-11-20 07:00:00,2022,11,20,7,324,7,20221120,False,3,inv2223
42824,20-11-2022,08:00:00,5.74,230.5,2022-11-20 08:00:00,2022,11,20,7,324,8,20221120,False,3,inv2223
42825,20-11-2022,09:00:00,5.87,240.5,2022-11-20 09:00:00,2022,11,20,7,324,9,20221120,False,3,inv2223
42826,20-11-2022,10:00:00,6.47,228.0,2022-11-20 10:00:00,2022,11,20,7,324,10,20221120,False,3,inv2223
42827,20-11-2022,11:00:00,7.41,223.5,2022-11-20 11:00:00,2022,11,20,7,324,11,20221120,False,3,inv2223
42828,20-11-2022,12:00:00,7.8,214.0,2022-11-20 12:00:00,2022,11,20,7,324,12,20221120,False,3,inv2223
42829,20-11-2022,13:00:00,8.41,212.0,2022-11-20 13:00:00,2022,11,20,7,324,13,20221120,False,3,inv2223
42830,20-11-2022,14:00:00,8.49,194.5,2022-11-20 14:00:00,2022,11,20,7,324,14,20221120,False,3,inv2223
42831,20-11-2022,15:00:00,8.24,221.5,2022-11-20 15:00:00,2022,11,20,7,324,15,20221120,False,3,inv2223
42832,20-11-2022,16:00:00,6.53,191.5,2022-11-20 16:00:00,2022,11,20,7,324,16,20221120,False,3,inv2223
42833,20-11-2022,17:00:00,5.85,233.5,2022-11-20 17:00:00,2022,11,20,7,324,17,20221120,False,3,inv2223
42834,20-11-2022,18:00:00,5.48,192.5,2022-11-20 18:00:00,2022,11,20,7,324,18,20221120,False,3,inv2223
42967,26-11-2022,07:00:00,7.33,147.0,2022-11-26 07:00:00,2022,11,26,6,330,7,20221126,False,3,inv2223
42968,26-11-2022,08:00:00,8.67,174.5,2022-11-26 08:00:00,2022,11,26,6,330,8,20221126,False,3,inv2223
42969,26-11-2022,09:00:00,10.28,170.0,2022-11-26 09:00:00,2022,11,26,6,330,9,20221126,False,3,inv2223
42970,26-11-2022,10:00:00,11.15,175.0,2022-11-26 10:00:00,2022,11,26,6,330,10,20221126,False,3,inv2223
42971,26-11-2022,11:00:00,10.87,176.0,2022-11-26 11:00:00,2022,11,26,6,330,11,20221126,False,3,inv2223
42972,26-11-2022,12:00:00,11.03,176.0,2022-11-26 12:00:00,2022,11,26,6,330,12,20221126,False,3,inv2223
42973,26-11-2022,13:00:00,12.08,163.0,2022-11-26 13:00:00,2022,11,26,6,330,13,20221126,False,3,inv2223
42974,26-11-2022,14:00:00,11.99,157.5,2022-11-26 14:00:00,2022,11,26,6,330,14,20221126,False,3,inv2223
42975,26-11-2022,15:00:00,11.16,185.5,2022-11-26 15:00:00,2022,11,26,6,330,15,20221126,False,3,inv2223
42976,26-11-2022,16:00:00,9.49,187.5,2022-11-26 16:00:00,2022,11,26,6,330,16,20221126,False,3,inv2223
42977,26-11-2022,17:00:00,8.79,190.5,2022-11-26 17:00:00,2022,11,26,6,330,17,20221126,False,3,inv2223
42978,26-11-2022,18:00:00,8.23,191.5,2022-11-26 18:00:00,2022,11,26,6,330,18,20221126,False,3,inv2223
42991,27-11-2022,07:00:00,6.37,197.5,2022-11-27 07:00:00,2022,11,27,7,331,7,20221127,False,3,inv2223
42992,27-11-2022,08:00:00,7.27,237.5,2022-11-27 08:00:00,2022,11,27,7,331,8,20221127,False,3,inv2223
42993,27-11-2022,09:00:00,8.84,195.5,2022-11-27 09:00:00,2022,11,27,7,331,9,20221127,False,3,inv2223
42994,27-11-2022,10:00:00,10.34,194.0,2022-11-27 10:00:00,2022,11,27,7,331,10,20221127,False,3,inv2223
42995,27-11-2022,11:00:00,11.11,184.0,2022-11-27 11:00:00,2022,11,27,7,331,11,20221127,False,3,inv2223
42996,27-11-2022,12:00:00,11.76,191.0,2022-11-27 12:00:00,2022,11,27,7,331,12,20221127,False,3,inv2223
42997,27-11-2022,13:00:00,12.06,195.5,2022-11-27 13:00:00,2022,11,27,7,331,13,20221127,False,3,inv2223
42998,27-11-2022,14:00:00,11.27,192.0,2022-11-27 14:00:00,2022,11,27,7,331,14,20221127,False,3,inv2223
42999,27-11-2022,15:00:00,9.77,208.5,2022-11-27 15:00:00,2022,11,27,7,331,15,20221127,False,3,inv2223
43000,27-11-2022,16:00:00,7.55,228.0,2022-11-27 16:00:00,2022,11,27,7,331,16,20221127,False,3,inv2223
43001,27-11-2022,17:00:00,6.24,238.5,2022-11-27 17:00:00,2022,11,27,7,331,17,20221127,False,3,inv2223
43002,27-11-2022,18:00:00,5.73,220.0,2022-11-27 18:00:00,2022,11,27,7,331,18,20221127,False,3,inv2223
43135,03-12-2022,07:00:00,6.58,196.5,2022-12-03 07:00:00,2022,12,3,6,337,7,20221203,False,3,inv2223
43136,03-12-2022,08:00:00,6.03,262.0,2022-12-03 08:00:00,2022,12,3,6,337,8,20221203,False,3,inv2223
43137,03-12-2022,09:00:00,6.12,253.5,2022-12-03 09:00:00,2022,12,3,6,337,9,20221203,False,3,inv2223
43138,03-12-2022,10:00:00,6.19,253.5,2022-12-03 10:00:00,2022,12,3,6,337,10,20221203,False,3,inv2223
43139,03-12-2022,11:00:00,6.57,235.5,2022-12-03 11:00:00,2022,12,3,6,337,11,20221203,False,3,inv2223
43140,03-12-2022,12:00:00,8.31,231.0,2022-12-03 12:00:00,2022,12,3,6,337,12,20221203,False,3,inv2223
43141,03-12-2022,13:00:00,8.88,210.5,2022-12-03 13:00:00,2022,12,3,6,337,13,20221203,False,3,inv2223
43142,03-12-2022,14:00:00,8.61,218.0,2022-12-03 14:00:00,2022,12,3,6,337,14,20221203,False,3,inv2223
43143,03-12-2022,15:00:00,7.91,240.5,2022-12-03 15:00:00,2022,12,3,6,337,15,20221203,False,3,inv2223
43144,03-12-2022,16:00:00,6.64,251.0,2022-12-03 16:00:00,2022,12,3,6,337,16,20221203,False,3,inv2223
43145,03-12-2022,17:00:00,7.1,253.0,2022-12-03 17:00:00,2022,12,3,6,337,17,20221203,False,3,inv2223
43146,03-12-2022,18:00:00,6.51,226.0,2022-12-03 18:00:00,2022,12,3,6,337,18,20221203,False,3,inv2223
43159,04-12-2022,07:00:00,6.79,194.0,2022-12-04 07:00:00,2022,12,4,7,338,7,20221204,False,3,inv2223
43160,04-12-2022,08:00:00,6.28,249.5,2022-12-04 08:00:00,2022,12,4,7,338,8,20221204,False,3,inv2223
43161,04-12-2022,09:00:00,7.34,238.5,2022-12-04 09:00:00,2022,12,4,7,338,9,20221204,False,3,inv2223
43162,04-12-2022,10:00:00,9.23,216.5,2022-12-04 10:00:00,2022,12,4,7,338,10,20221204,False,3,inv2223
43163,04-12-2022,11:00:00,9.67,213.5,2022-12-04 11:00:00,2022,12,4,7,338,11,20221204,False,3,inv2223
43164,04-12-2022,12:00:00,8.55,238.0,2022-12-04 12:00:00,2022,12,4,7,338,12,20221204,False,3,inv2223
43165,04-12-2022,13:00:00,8.46,230.0,2022-12-04 13:00:00,2022,12,4,7,338,13,20221204,False,3,inv2223
43166,04-12-2022,14:00:00,7.87,230.5,2022-12-04 14:00:00,2022,12,4,7,338,14,20221204,False,3,inv2223
43167,04-12-2022,15:00:00,7.33,219.5,2022-12-04 15:00:00,2022,12,4,7,338,15,20221204,False,3,inv2223
43168,04-12-2022,16:00:00,7.63,224.0,2022-12-04 16:00:00,2022,12,4,7,338,16,20221204,False,3,inv2223
43169,04-12-2022,17:00:00,8.08,215.5,2022-12-04 17:00:00,2022,12,4,7,338,17,20221204,False,3,inv2223
43170,04-12-2022,18:00:00,8.82,179.0,2022-12-04 18:00:00,2022,12,4,7,338,18,20221204,False,3,inv2223
43303,10-12-2022,07:00:00,9.32,93.5,2022-12-10 07:00:00,2022,12,10,6,344,7,20221210,False,3,inv2223
43304,10-12-2022,08:00:00,9.33,136.5,2022-12-10 08:00:00,2022,12,10,6,344,8,20221210,False,3,inv2223
43305,10-12-2022,09:00:00,9.63,133.0,2022-12-10 09:00:00,2022,12,10,6,344,9,20221210,False,3,inv2223
43306,10-12-2022,10:00:00,10.56,122.5,2022-12-10 10:00:00,2022,12,10,6,344,10,20221210,False,3,inv2223
43307,10-12-2022,11:00:00,10.48,131.5,2022-12-10 11:00:00,2022,12,10,6,344,11,20221210,False,3,inv2223
43308,10-12-2022,12:00:00,8.69,167.0,2022-12-10 12:00:00,2022,12,10,6,344,12,20221210,False,3,inv2223
43309,10-12-2022,13:00:00,8.05,211.0,2022-12-10 13:00:00,2022,12,10,6,344,13,20221210,False,3,inv2223
43310,10-12-2022,14:00:00,7.07,217.0,2022-12-10 14:00:00,2022,12,10,6,344,14,20221210,False,3,inv2223
43311,10-12-2022,15:00:00,6.35,218.5,2022-12-10 15:00:00,2022,12,10,6,344,15,20221210,False,3,inv2223
43312,10-12-2022,16:00:00,5.71,219.5,2022-12-10 16:00:00,2022,12,10,6,344,16,20221210,False,3,inv2223
43313,10-12-2022,17:00:00,5.0,237.5,2022-12-10 17:00:00,2022,12,10,6,344,17,20221210,False,3,inv2223
43314,10-12-2022,18:00:00,4.83,193.0,2022-12-10 18:00:00,2022,12,10,6,344,18,20221210,False,3,inv2223
43327,11-12-2022,07:00:00,5.14,157.5,2022-12-11 07:00:00,2022,12,11,7,345,7,20221211,False,3,inv2223
43328,11-12-2022,08:00:00,5.21,222.0,2022-12-11 08:00:00,2022,12,11,7,345,8,20221211,False,3,inv2223
43329,11-12-2022,09:00:00,4.61,247.5,2022-12-11 09:00:00,2022,12,11,7,345,9,20221211,False,3,inv2223
43330,11-12-2022,10:00:00,3.82,249.0,2022-12-11 10:00:00,2022,12,11,7,345,10,20221211,False,3,inv2223
43331,11-12-2022,11:00:00,4.46,227.5,2022-12-11 11:00:00,2022,12,11,7,345,11,20221211,False,3,inv2223
43332,11-12-2022,12:00:00,2.48,275.0,2022-12-11 12:00:00,2022,12,11,7,345,12,20221211,False,3,inv2223
43333,11-12-2022,13:00:00,1.59,273.5,2022-12-11 13:00:00,2022,12,11,7,345,13,20221211,False,3,inv2223
43334,11-12-2022,14:00:00,1.56,273.5,2022-12-11 14:00:00,2022,12,11,7,345,14,20221211,False,3,inv2223
43335,11-12-2022,15:00:00,0.91,288.0,2022-12-11 15:00:00,2022,12,11,7,345,15,20221211,False,3,inv2223
43336,11-12-2022,16:00:00,0.97,279.0,2022-12-11 16:00:00,2022,12,11,7,345,16,20221211,False,3,inv2223
43337,11-12-2022,17:00:00,0.81,276.5,2022-12-11 17:00:00,2022,12,11,7,345,17,20221211,False,3,inv2223
42624,12-11-2022,00:00:00,10.85,67.0,2022-11-12 00:00:00,2022,11,12,6,316,0,20221112,False,4,inv2223
42625,12-11-2022,01:00:00,8.88,57.0,2022-11-12 01:00:00,2022,11,12,6,316,1,20221112,False,4,inv2223
42626,12-11-2022,02:00:00,9.98,67.0,2022-11-12 02:00:00,2022,11,12,6,316,2,20221112,False,4,inv2223
42627,12-11-2022,03:00:00,11.03,60.0,2022-11-12 03:00:00,2022,11,12,6,316,3,20221112,False,4,inv2223
42628,12-11-2022,04:00:00,10.46,53.5,2022-11-12 04:00:00,2022,11,12,6,316,4,20221112,False,4,inv2223
42629,12-11-2022,05:00:00,10.85,57.5,2022-11-12 05:00:00,2022,11,12,6,316,5,20221112,False,4,inv2223
42644,12-11-2022,20:00:00,12.62,20.5,2022-11-12 20:00:00,2022,11,12,6,316,20,20221112,False,4,inv2223
42645,12-11-2022,21:00:00,11.54,22.0,2022-11-12 21:00:00,2022,11,12,6,316,21,20221112,False,4,inv2223
42646,12-11-2022,22:00:00,10.73,66.0,2022-11-12 22:00:00,2022,11,12,6,316,22,20221112,False,4,inv2223
42647,12-11-2022,23:00:00,10.97,77.5,2022-11-12 23:00:00,2022,11,12,6,316,23,20221112,False,4,inv2223
42648,13-11-2022,00:00:00,10.7,75.5,2022-11-13 00:00:00,2022,11,13,7,317,0,20221113,False,4,inv2223
42649,13-11-2022,01:00:00,10.55,81.0,2022-11-13 01:00:00,2022,11,13,7,317,1,20221113,False,4,inv2223
42650,13-11-2022,02:00:00,10.11,79.5,2022-11-13 02:00:00,2022,11,13,7,317,2,20221113,False,4,inv2223
42651,13-11-2022,03:00:00,9.8,80.0,2022-11-13 03:00:00,2022,11,13,7,317,3,20221113,False,4,inv2223
42652,13-11-2022,04:00:00,9.58,82.0,2022-11-13 04:00:00,2022,11,13,7,317,4,20221113,False,4,inv2223
42653,13-11-2022,05:00:00,9.32,79.0,2022-11-13 05:00:00,2022,11,13,7,317,5,20221113,False,4,inv2223
42667,13-11-2022,19:00:00,10.09,24.5,2022-11-13 19:00:00,2022,11,13,7,317,19,20221113,False,4,inv2223
42668,13-11-2022,20:00:00,9.95,19.5,2022-11-13 20:00:00,2022,11,13,7,317,20,20221113,False,4,inv2223
42669,13-11-2022,21:00:00,9.65,24.5,2022-11-13 21:00:00,2022,11,13,7,317,21,20221113,False,4,inv2223
42670,13-11-2022,22:00:00,9.55,78.0,2022-11-13 22:00:00,2022,11,13,7,317,22,20221113,False,4,inv2223
42671,13-11-2022,23:00:00,9.57,80.0,2022-11-13 23:00:00,2022,11,13,7,317,23,20221113,False,4,inv2223
42792,19-11-2022,00:00:00,3.81,112.5,2022-11-19 00:00:00,2022,11,19,6,323,0,20221119,False,4,inv2223
42793,19-11-2022,01:00:00,3.44,103.0,2022-11-19 01:00:00,2022,11,19,6,323,1,20221119,False,4,inv2223
42794,19-11-2022,02:00:00,3.8,120.0,2022-11-19 02:00:00,2022,11,19,6,323,2,20221119,False,4,inv2223
42795,19-11-2022,03:00:00,3.89,101.5,2022-11-19 03:00:00,2022,11,19,6,323,3,20221119,False,4,inv2223
42796,19-11-2022,04:00:00,3.63,111.5,2022-11-19 04:00:00,2022,11,19,6,323,4,20221119,False,4,inv2223
42797,19-11-2022,05:00:00,2.89,127.0,2022-11-19 05:00:00,2022,11,19,6,323,5,20221119,False,4,inv2223
42798,19-11-2022,06:00:00,2.55,100.5,2022-11-19 06:00:00,2022,11,19,6,323,6,20221119,False,4,inv2223
42811,19-11-2022,19:00:00,7.41,168.5,2022-11-19 19:00:00,2022,11,19,6,323,19,20221119,False,4,inv2223
42812,19-11-2022,20:00:00,7.21,139.5,2022-11-19 20:00:00,2022,11,19,6,323,20,20221119,False,4,inv2223
42813,19-11-2022,21:00:00,6.84,149.5,2022-11-19 21:00:00,2022,11,19,6,323,21,20221119,False,4,inv2223
42814,19-11-2022,22:00:00,6.06,161.0,2022-11-19 22:00:00,2022,11,19,6,323,22,20221119,False,4,inv2223
42815,19-11-2022,23:00:00,5.85,147.0,2022-11-19 23:00:00,2022,11,19,6,323,23,20221119,False,4,inv2223
42816,20-11-2022,00:00:00,5.41,152.0,2022-11-20 00:00:00,2022,11,20,7,324,0,20221120,False,4,inv2223
42817,20-11-2022,01:00:00,4.61,153.5,2022-11-20 01:00:00,2022,11,20,7,324,1,20221120,False,4,inv2223
42818,20-11-2022,02:00:00,4.52,147.5,2022-11-20 02:00:00,2022,11,20,7,324,2,20221120,False,4,inv2223
42819,20-11-2022,03:00:00,4.62,147.5,2022-11-20 03:00:00,2022,11,20,7,324,3,20221120,False,4,inv2223
42820,20-11-2022,04:00:00,4.61,141.5,2022-11-20 04:00:00,2022,11,20,7,324,4,20221120,False,4,inv2223
42821,20-11-2022,05:00:00,4.92,136.5,2022-11-20 05:00:00,2022,11,20,7,324,5,20221120,False,4,inv2223
42822,20-11-2022,06:00:00,5.29,140.5,2022-11-20 06:00:00,2022,11,20,7,324,6,20221120,False,4,inv2223
42835,20-11-2022,19:00:00,4.9,186.0,2022-11-20 19:00:00,2022,11,20,7,324,19,20221120,False,4,inv2223
42836,20-11-2022,20:00:00,4.7,148.5,2022-11-20 20:00:00,2022,11,20,7,324,20,20221120,False,4,inv2223
42837,20-11-2022,21:00:00,4.49,131.0,2022-11-20 21:00:00,2022,11,20,7,324,21,20221120,False,4,inv2223
42838,20-11-2022,22:00:00,3.13,145.0,2022-11-20 22:00:00,2022,11,20,7,324,22,20221120,False,4,inv2223
42839,20-11-2022,23:00:00,3.13,138.0,2022-11-20 23:00:00,2022,11,20,7,324,23,20221120,False,4,inv2223
42960,26-11-2022,00:00:00,6.4,130.5,2022-11-26 00:00:00,2022,11,26,6,330,0,20221126,False,4,inv2223
42961,26-11-2022,01:00:00,6.97,137.0,2022-11-26 01:00:00,2022,11,26,6,330,1,20221126,False,4,inv2223
42962,26-11-2022,02:00:00,7.42,136.5,2022-11-26 02:00:00,2022,11,26,6,330,2,20221126,False,4,inv2223
42963,26-11-2022,03:00:00,7.04,147.5,2022-11-26 03:00:00,2022,11,26,6,330,3,20221126,False,4,inv2223
42964,26-11-2022,04:00:00,8.07,157.5,2022-11-26 04:00:00,2022,11,26,6,330,4,20221126,False,4,inv2223
42965,26-11-2022,05:00:00,7.49,149.0,2022-11-26 05:00:00,2022,11,26,6,330,5,20221126,False,4,inv2223
42966,26-11-2022,06:00:00,6.87,147.0,2022-11-26 06:00:00,2022,11,26,6,330,6,20221126,False,4,inv2223
42979,26-11-2022,19:00:00,7.72,174.5,2022-11-26 19:00:00,2022,11,26,6,330,19,20221126,False,4,inv2223
42980,26-11-2022,20:00:00,7.33,148.5,2022-11-26 20:00:00,2022,11,26,6,330,20,20221126,False,4,inv2223
42981,26-11-2022,21:00:00,7.18,160.0,2022-11-26 21:00:00,2022,11,26,6,330,21,20221126,False,4,inv2223
42982,26-11-2022,22:00:00,6.69,152.0,2022-11-26 22:00:00,2022,11,26,6,330,22,20221126,False,4,inv2223
42983,26-11-2022,23:00:00,7.2,150.5,2022-11-26 23:00:00,2022,11,26,6,330,23,20221126,False,4,inv2223
42984,27-11-2022,00:00:00,7.58,150.5,2022-11-27 00:00:00,2022,11,27,7,331,0,20221127,False,4,inv2223
42985,27-11-2022,01:00:00,7.26,151.0,2022-11-27 01:00:00,2022,11,27,7,331,1,20221127,False,4,inv2223
42986,27-11-2022,02:00:00,6.69,159.5,2022-11-27 02:00:00,2022,11,27,7,331,2,20221127,False,4,inv2223
42987,27-11-2022,03:00:00,6.86,151.0,2022-11-27 03:00:00,2022,11,27,7,331,3,20221127,False,4,inv2223
42988,27-11-2022,04:00:00,7.0,149.0,2022-11-27 04:00:00,2022,11,27,7,331,4,20221127,False,4,inv2223
42989,27-11-2022,05:00:00,6.73,153.5,2022-11-27 05:00:00,2022,11,27,7,331,5,20221127,False,4,inv2223
42990,27-11-2022,06:00:00,6.3,156.5,2022-11-27 06:00:00,2022,11,27,7,331,6,20221127,False,4,inv2223
43003,27-11-2022,19:00:00,5.43,196.5,2022-11-27 19:00:00,2022,11,27,7,331,19,20221127,False,4,inv2223
43004,27-11-2022,20:00:00,4.84,162.5,2022-11-27 20:00:00,2022,11,27,7,331,20,20221127,False,4,inv2223
43005,27-11-2022,21:00:00,4.27,168.0,2022-11-27 21:00:00,2022,11,27,7,331,21,20221127,False,4,inv2223
43006,27-11-2022,22:00:00,4.35,169.0,2022-11-27 22:00:00,2022,11,27,7,331,22,20221127,False,4,inv2223
43007,27-11-2022,23:00:00,4.57,174.0,2022-11-27 23:00:00,2022,11,27,7,331,23,20221127,False,4,inv2223
43128,03-12-2022,00:00:00,5.52,133.0,2022-12-03 00:00:00,2022,12,3,6,337,0,20221203,False,4,inv2223
43129,03-12-2022,01:00:00,5.16,136.5,2022-12-03 01:00:00,2022,12,3,6,337,1,20221203,False,4,inv2223
43130,03-12-2022,02:00:00,5.39,139.0,2022-12-03 02:00:00,2022,12,3,6,337,2,20221203,False,4,inv2223
43131,03-12-2022,03:00:00,5.67,138.5,2022-12-03 03:00:00,2022,12,3,6,337,3,20221203,False,4,inv2223
43132,03-12-2022,04:00:00,5.78,140.5,2022-12-03 04:00:00,2022,12,3,6,337,4,20221203,False,4,inv2223
43133,03-12-2022,05:00:00,5.67,140.5,2022-12-03 05:00:00,2022,12,3,6,337,5,20221203,False,4,inv2223
43134,03-12-2022,06:00:00,6.02,139.0,2022-12-03 06:00:00,2022,12,3,6,337,6,20221203,False,4,inv2223
43147,03-12-2022,19:00:00,5.93,187.5,2022-12-03 19:00:00,2022,12,3,6,337,19,20221203,False,4,inv2223
43148,03-12-2022,20:00:00,6.05,137.0,2022-12-03 20:00:00,2022,12,3,6,337,20,20221203,False,4,inv2223
43149,03-12-2022,21:00:00,6.13,142.0,2022-12-03 21:00:00,2022,12,3,6,337,21,20221203,False,4,inv2223
43150,03-12-2022,22:00:00,5.82,138.0,2022-12-03 22:00:00,2022,12,3,6,337,22,20221203,False,4,inv2223
43151,03-12-2022,23:00:00,8.07,138.0,2022-12-03 23:00:00,2022,12,3,6,337,23,20221203,False,4,inv2223
43152,04-12-2022,00:00:00,6.26,135.5,2022-12-04 00:00:00,2022,12,4,7,338,0,20221204,False,4,inv2223
43153,04-12-2022,01:00:00,7.22,132.0,2022-12-04 01:00:00,2022,12,4,7,338,1,20221204,False,4,inv2223
43154,04-12-2022,02:00:00,7.89,131.5,2022-12-04 02:00:00,2022,12,4,7,338,2,20221204,False,4,inv2223
43155,04-12-2022,03:00:00,6.33,148.0,2022-12-04 03:00:00,2022,12,4,7,338,3,20221204,False,4,inv2223
43156,04-12-2022,04:00:00,5.18,144.5,2022-12-04 04:00:00,2022,12,4,7,338,4,20221204,False,4,inv2223
43157,04-12-2022,05:00:00,5.58,140.5,2022-12-04 05:00:00,2022,12,4,7,338,5,20221204,False,4,inv2223
43158,04-12-2022,06:00:00,7.28,132.5,2022-12-04 06:00:00,2022,12,4,7,338,6,20221204,False,4,inv2223
43171,04-12-2022,19:00:00,8.76,162.0,2022-12-04 19:00:00,2022,12,4,7,338,19,20221204,False,4,inv2223
43172,04-12-2022,20:00:00,7.25,116.0,2022-12-04 20:00:00,2022,12,4,7,338,20,20221204,False,4,inv2223
43173,04-12-2022,21:00:00,6.84,123.5,2022-12-04 21:00:00,2022,12,4,7,338,21,20221204,False,4,inv2223
43174,04-12-2022,22:00:00,6.79,124.0,2022-12-04 22:00:00,2022,12,4,7,338,22,20221204,False,4,inv2223
43175,04-12-2022,23:00:00,6.66,115.5,2022-12-04 23:00:00,2022,12,4,7,338,23,20221204,False,4,inv2223
43296,10-12-2022,00:00:00,10.04,72.5,2022-12-10 00:00:00,2022,12,10,6,344,0,20221210,False,4,inv2223
43297,10-12-2022,01:00:00,9.64,67.0,2022-12-10 01:00:00,2022,12,10,6,344,1,20221210,False,4,inv2223
43298,10-12-2022,02:00:00,9.56,66.0,2022-12-10 02:00:00,2022,12,10,6,344,2,20221210,False,4,inv2223
43299,10-12-2022,03:00:00,9.16,75.0,2022-12-10 03:00:00,2022,12,10,6,344,3,20221210,False,4,inv2223
43300,10-12-2022,04:00:00,9.34,63.0,2022-12-10 04:00:00,2022,12,10,6,344,4,20221210,False,4,inv2223
43301,10-12-2022,05:00:00,9.45,70.5,2022-12-10 05:00:00,2022,12,10,6,344,5,20221210,False,4,inv2223
43302,10-12-2022,06:00:00,9.47,70.0,2022-12-10 06:00:00,2022,12,10,6,344,6,20221210,False,4,inv2223
43315,10-12-2022,19:00:00,5.07,149.0,2022-12-10 19:00:00,2022,12,10,6,344,19,20221210,False,4,inv2223
43316,10-12-2022,20:00:00,5.01,97.5,2022-12-10 20:00:00,2022,12,10,6,344,20,20221210,False,4,inv2223
43317,10-12-2022,21:00:00,5.16,97.0,2022-12-10 21:00:00,2022,12,10,6,344,21,20221210,False,4,inv2223
43318,10-12-2022,22:00:00,5.54,98.5,2022-12-10 22:00:00,2022,12,10,6,344,22,20221210,False,4,inv2223
43319,10-12-2022,23:00:00,5.86,103.5,2022-12-10 23:00:00,2022,12,10,6,344,23,20221210,False,4,inv2223
43320,11-12-2022,00:00:00,5.86,93.5,2022-12-11 00:00:00,2022,12,11,7,345,0,20221211,False,4,inv2223
43321,11-12-2022,01:00:00,5.79,99.5,2022-12-11 01:00:00,2022,12,11,7,345,1,20221211,False,4,inv2223
43322,11-12-2022,02:00:00,5.65,96.5,2022-12-11 02:00:00,2022,12,11,7,345,2,20221211,False,4,inv2223
43323,11-12-2022,03:00:00,5.52,95.5,2022-12-11 03:00:00,2022,12,11,7,345,3,20221211,False,4,inv2223
43324,11-12-2022,04:00:00,5.3,98.0,2022-12-11 04:00:00,2022,12,11,7,345,4,20221211,False,4,inv2223
43325,11-12-2022,05:00:00,5.39,95.5,2022-12-11 05:00:00,2022,12,11,7,345,5,20221211,False,4,inv2223
43326,11-12-2022,06:00:00,5.07,97.0,2022-12-11 06:00:00,2022,12,11,7,345,6,20221211,False,4,inv2223
43340,11-12-2022,20:00:00,0.43,120.0,2022-12-11 20:00:00,2022,12,11,7,345,20,20221211,False,4,inv2223
43341,11-12-2022,21:00:00,0.55,113.0,2022-12-11 21:00:00,2022,12,11,7,345,21,20221211,False,4,inv2223
43342,11-12-2022,22:00:00,0.57,121.0,2022-12-11 22:00:00,2022,12,11,7,345,22,20221211,False,4,inv2223
43343,11-12-2022,23:00:00,0.12,130.0,2022-12-11 23:00:00,2022,12,11,7,345,23,20221211,False,4,inv2223
42559,09-11-2022,07:00:00,14.14,571.5,2022-11-09 07:00:00,2022,11,9,3,313,7,20221109,False,5,inv2223
42583,10-11-2022,07:00:00,13.76,559.5,2022-11-10 07:00:00,2022,11,10,4,314,7,20221110,False,5,inv2223
42607,11-11-2022,07:00:00,9.23,562.0,2022-11-11 07:00:00,2022,11,11,5,315,7,20221111,False,5,inv2223
42679,14-11-2022,07:00:00,8.72,633.5,2022-11-14 07:00:00,2022,11,14,1,318,7,20221114,False,5,inv2223
42703,15-11-2022,07:00:00,6.33,653.5,2022-11-15 07:00:00,2022,11,15,2,319,7,20221115,False,5,inv2223
42727,16-11-2022,07:00:00,12.15,524.5,2022-11-16 07:00:00,2022,11,16,3,320,7,20221116,False,5,inv2223
42751,17-11-2022,07:00:00,9.56,502.5,2022-11-17 07:00:00,2022,11,17,4,321,7,20221117,False,5,inv2223
42775,18-11-2022,07:00:00,11.22,540.0,2022-11-18 07:00:00,2022,11,18,5,322,7,20221118,False,5,inv2223
42847,21-11-2022,07:00:00,1.98,647.0,2022-11-21 07:00:00,2022,11,21,1,325,7,20221121,False,5,inv2223
42871,22-11-2022,07:00:00,7.24,630.0,2022-11-22 07:00:00,2022,11,22,2,326,7,20221122,False,5,inv2223
42919,24-11-2022,07:00:00,1.15,701.0,2022-11-24 07:00:00,2022,11,24,4,328,7,20221124,False,5,inv2223
42943,25-11-2022,07:00:00,3.16,713.5,2022-11-25 07:00:00,2022,11,25,5,329,7,20221125,False,5,inv2223
43015,28-11-2022,07:00:00,2.03,830.0,2022-11-28 07:00:00,2022,11,28,1,332,7,20221128,False,5,inv2223
43039,29-11-2022,07:00:00,3.97,806.0,2022-11-29 07:00:00,2022,11,29,2,333,7,20221129,False,5,inv2223
43063,30-11-2022,07:00:00,3.89,911.5,2022-11-30 07:00:00,2022,11,30,3,334,7,20221130,False,5,inv2223
43087,01-12-2022,07:00:00,4.53,972.5,2022-12-01 07:00:00,2022,12,1,4,335,7,20221201,False,5,inv2223
43111,02-12-2022,07:00:00,4.03,1004.0,2022-12-02 07:00:00,2022,12,2,5,336,7,20221202,False,5,inv2223
43207,06-12-2022,07:00:00,4.89,1000.0,2022-12-06 07:00:00,2022,12,6,2,340,7,20221206,False,5,inv2223
43231,07-12-2022,07:00:00,4.75,895.0,2022-12-07 07:00:00,2022,12,7,3,341,7,20221207,False,5,inv2223
43255,08-12-2022,07:00:00,4.89,996.0,2022-12-08 07:00:00,2022,12,8,4,342,7,20221208,False,5,inv2223
43351,12-12-2022,07:00:00,-1.12,1046.0,2022-12-12 07:00:00,2022,12,12,1,346,7,20221212,False,5,inv2223
43375,13-12-2022,07:00:00,-0.36,1127.0,2022-12-13 07:00:00,2022,12,13,2,347,7,20221213,False,5,inv2223
43399,14-12-2022,07:00:00,0.89,1033.5,2022-12-14 07:00:00,2022,12,14,3,348,7,20221214,False,5,inv2223
43423,15-12-2022,07:00:00,3.47,1038.0,2022-12-15 07:00:00,2022,12,15,4,349,7,20221215,False,5,inv2223
42594,10-11-2022,18:00:00,12.51,208.0,2022-11-10 18:00:00,2022,11,10,4,314,18,20221110,False,6,inv2223
42690,14-11-2022,18:00:00,9.72,350.0,2022-11-14 18:00:00,2022,11,14,1,318,18,20221114,False,6,inv2223
42714,15-11-2022,18:00:00,10.0,327.0,2022-11-15 18:00:00,2022,11,15,2,319,18,20221115,False,6,inv2223
42738,16-11-2022,18:00:00,11.62,310.5,2022-11-16 18:00:00,2022,11,16,3,320,18,20221116,False,6,inv2223
42762,17-11-2022,18:00:00,11.22,341.5,2022-11-17 18:00:00,2022,11,17,4,321,18,20221117,False,6,inv2223
42786,18-11-2022,18:00:00,6.38,291.5,2022-11-18 18:00:00,2022,11,18,5,322,18,20221118,False,6,inv2223
42858,21-11-2022,18:00:00,4.52,370.0,2022-11-21 18:00:00,2022,11,21,1,325,18,20221121,False,6,inv2223
42882,22-11-2022,18:00:00,4.51,432.5,2022-11-22 18:00:00,2022,11,22,2,326,18,20221122,False,6,inv2223
42906,23-11-2022,18:00:00,1.86,388.0,2022-11-23 18:00:00,2022,11,23,3,327,18,20221123,False,6,inv2223
42930,24-11-2022,18:00:00,5.61,331.5,2022-11-24 18:00:00,2022,11,24,4,328,18,20221124,False,6,inv2223
42954,25-11-2022,18:00:00,7.58,313.0,2022-11-25 18:00:00,2022,11,25,5,329,18,20221125,False,6,inv2223
43026,28-11-2022,18:00:00,5.85,338.5,2022-11-28 18:00:00,2022,11,28,1,332,18,20221128,False,6,inv2223
43098,01-12-2022,18:00:00,4.9,383.0,2022-12-01 18:00:00,2022,12,1,4,335,18,20221201,False,6,inv2223
43122,02-12-2022,18:00:00,5.89,352.5,2022-12-02 18:00:00,2022,12,2,5,336,18,20221202,False,6,inv2223
43194,05-12-2022,18:00:00,11.87,276.0,2022-12-05 18:00:00,2022,12,5,1,339,18,20221205,False,6,inv2223
43218,06-12-2022,18:00:00,4.12,341.5,2022-12-06 18:00:00,2022,12,6,2,340,18,20221206,False,6,inv2223
43242,07-12-2022,18:00:00,5.68,283.5,2022-12-07 18:00:00,2022,12,7,3,341,18,20221207,False,6,inv2223
43290,09-12-2022,18:00:00,11.46,240.0,2022-12-09 18:00:00,2022,12,9,5,343,18,20221209,False,6,inv2223
43410,14-12-2022,18:00:00,2.75,343.5,2022-12-14 18:00:00,2022,12,14,3,348,18,20221214,False,6,inv2223
43434,15-12-2022,18:00:00,7.4,287.5,2022-12-15 18:00:00,2022,12,15,4,349,18,20221215,False,6,inv2223
43458,16-12-2022,18:00:00,9.42,255.0,2022-12-16 18:00:00,2022,12,16,5,350,18,20221216,False,6,inv2223
