,day,time,temp,energy,day_time,year,month,dd,dw,dy,hh,stagione,ferie,lavorativo,dotcolor,diurno,lav,reg
42512,07-11-2022,08:00:00,10.02,340.5,2022-11-07 08:00:00,2022,11,7,1,311,8,inv2223,False,True,blue,True,True,1
42513,07-11-2022,09:00:00,14.57,394.0,2022-11-07 09:00:00,2022,11,7,1,311,9,inv2223,False,True,blue,True,True,1
42520,07-11-2022,16:00:00,14.16,482.0,2022-11-07 16:00:00,2022,11,7,1,311,16,inv2223,False,True,blue,True,True,1
42536,08-11-2022,08:00:00,6.93,838.0,2022-11-08 08:00:00,2022,11,8,2,312,8,inv2223,False,True,blue,True,True,1
42538,08-11-2022,10:00:00,15.83,287.5,2022-11-08 10:00:00,2022,11,8,2,312,10,inv2223,False,True,blue,True,True,1
42539,08-11-2022,11:00:00,16.47,230.0,2022-11-08 11:00:00,2022,11,8,2,312,11,inv2223,False,True,blue,True,True,1
42540,08-11-2022,12:00:00,16.55,228.5,2022-11-08 12:00:00,2022,11,8,2,312,12,inv2223,False,True,blue,True,True,1
42541,08-11-2022,13:00:00,16.27,233.5,2022-11-08 13:00:00,2022,11,8,2,312,13,inv2223,False,True,blue,True,True,1
42542,08-11-2022,14:00:00,15.86,242.0,2022-11-08 14:00:00,2022,11,8,2,312,14,inv2223,False,True,blue,True,True,1
42543,08-11-2022,15:00:00,14.59,519.5,2022-11-08 15:00:00,2022,11,8,2,312,15,inv2223,False,True,blue,True,True,1
42544,08-11-2022,16:00:00,13.24,438.5,2022-11-08 16:00:00,2022,11,8,2,312,16,inv2223,False,True,blue,True,True,1
42545,08-11-2022,17:00:00,11.54,296.0,2022-11-08 17:00:00,2022,11,8,2,312,17,inv2223,False,True,blue,True,True,1
42546,08-11-2022,18:00:00,10.23,191.0,2022-11-08 18:00:00,2022,11,8,2,312,18,inv2223,False,True,blue,True,True,1
42559,09-11-2022,07:00:00,14.14,571.5,2022-11-09 07:00:00,2022,11,9,3,313,7,inv2223,False,True,blue,True,True,1
42560,09-11-2022,08:00:00,14.43,498.0,2022-11-09 08:00:00,2022,11,9,3,313,8,inv2223,False,True,blue,True,True,1
42561,09-11-2022,09:00:00,14.85,446.5,2022-11-09 09:00:00,2022,11,9,3,313,9,inv2223,False,True,blue,True,True,1
42562,09-11-2022,10:00:00,14.67,259.5,2022-11-09 10:00:00,2022,11,9,3,313,10,inv2223,False,True,blue,True,True,1
42563,09-11-2022,11:00:00,14.12,215.0,2022-11-09 11:00:00,2022,11,9,3,313,11,inv2223,False,True,blue,True,True,1
42564,09-11-2022,12:00:00,14.12,216.5,2022-11-09 12:00:00,2022,11,9,3,313,12,inv2223,False,True,blue,True,True,1
42565,09-11-2022,13:00:00,14.4,211.5,2022-11-09 13:00:00,2022,11,9,3,313,13,inv2223,False,True,blue,True,True,1
42566,09-11-2022,14:00:00,14.27,278.0,2022-11-09 14:00:00,2022,11,9,3,313,14,inv2223,False,True,blue,True,True,1
42567,09-11-2022,15:00:00,14.16,540.5,2022-11-09 15:00:00,2022,11,9,3,313,15,inv2223,False,True,blue,True,True,1
42568,09-11-2022,16:00:00,13.58,422.5,2022-11-09 16:00:00,2022,11,9,3,313,16,inv2223,False,True,blue,True,True,1
42569,09-11-2022,17:00:00,13.18,254.0,2022-11-09 17:00:00,2022,11,9,3,313,17,inv2223,False,True,blue,True,True,1
42570,09-11-2022,18:00:00,12.73,194.0,2022-11-09 18:00:00,2022,11,9,3,313,18,inv2223,False,True,blue,True,True,1
42583,10-11-2022,07:00:00,13.76,559.5,2022-11-10 07:00:00,2022,11,10,4,314,7,inv2223,False,True,blue,True,True,1
42584,10-11-2022,08:00:00,14.1,452.0,2022-11-10 08:00:00,2022,11,10,4,314,8,inv2223,False,True,blue,True,True,1
42585,10-11-2022,09:00:00,13.52,418.5,2022-11-10 09:00:00,2022,11,10,4,314,9,inv2223,False,True,blue,True,True,1
42586,10-11-2022,10:00:00,13.5,263.5,2022-11-10 10:00:00,2022,11,10,4,314,10,inv2223,False,True,blue,True,True,1
42587,10-11-2022,11:00:00,13.05,249.5,2022-11-10 11:00:00,2022,11,10,4,314,11,inv2223,False,True,blue,True,True,1
42588,10-11-2022,12:00:00,12.07,264.0,2022-11-10 12:00:00,2022,11,10,4,314,12,inv2223,False,True,blue,True,True,1
42589,10-11-2022,13:00:00,12.17,246.5,2022-11-10 13:00:00,2022,11,10,4,314,13,inv2223,False,True,blue,True,True,1
42590,10-11-2022,14:00:00,12.48,242.0,2022-11-10 14:00:00,2022,11,10,4,314,14,inv2223,False,True,blue,True,True,1
42591,10-11-2022,15:00:00,13.07,550.0,2022-11-10 15:00:00,2022,11,10,4,314,15,inv2223,False,True,blue,True,True,1
42592,10-11-2022,16:00:00,13.19,459.5,2022-11-10 16:00:00,2022,11,10,4,314,16,inv2223,False,True,blue,True,True,1
42593,10-11-2022,17:00:00,13.1,260.5,2022-11-10 17:00:00,2022,11,10,4,314,17,inv2223,False,True,blue,True,True,1
42594,10-11-2022,18:00:00,12.51,208.0,2022-11-10 18:00:00,2022,11,10,4,314,18,inv2223,False,True,blue,True,True,1
42607,11-11-2022,07:00:00,9.23,562.0,2022-11-11 07:00:00,2022,11,11,5,315,7,inv2223,False,True,blue,True,True,1
42608,11-11-2022,08:00:00,11.03,484.0,2022-11-11 08:00:00,2022,11,11,5,315,8,inv2223,False,True,blue,True,True,1
42609,11-11-2022,09:00:00,12.81,446.5,2022-11-11 09:00:00,2022,11,11,5,315,9,inv2223,False,True,blue,True,True,1
42610,11-11-2022,10:00:00,14.69,263.5,2022-11-11 10:00:00,2022,11,11,5,315,10,inv2223,False,True,blue,True,True,1
42611,11-11-2022,11:00:00,15.28,239.5,2022-11-11 11:00:00,2022,11,11,5,315,11,inv2223,False,True,blue,True,True,1
42612,11-11-2022,12:00:00,15.95,205.0,2022-11-11 12:00:00,2022,11,11,5,315,12,inv2223,False,True,blue,True,True,1
42613,11-11-2022,13:00:00,16.83,194.0,2022-11-11 13:00:00,2022,11,11,5,315,13,inv2223,False,True,blue,True,True,1
42614,11-11-2022,14:00:00,15.87,203.0,2022-11-11 14:00:00,2022,11,11,5,315,14,inv2223,False,True,blue,True,True,1
42615,11-11-2022,15:00:00,14.49,527.5,2022-11-11 15:00:00,2022,11,11,5,315,15,inv2223,False,True,blue,True,True,1
42616,11-11-2022,16:00:00,12.23,439.0,2022-11-11 16:00:00,2022,11,11,5,315,16,inv2223,False,True,blue,True,True,1
42617,11-11-2022,17:00:00,11.05,303.5,2022-11-11 17:00:00,2022,11,11,5,315,17,inv2223,False,True,blue,True,True,1
42618,11-11-2022,18:00:00,9.73,201.5,2022-11-11 18:00:00,2022,11,11,5,315,18,inv2223,False,True,blue,True,True,1
42679,14-11-2022,07:00:00,8.72,633.5,2022-11-14 07:00:00,2022,11,14,1,318,7,inv2223,False,True,blue,True,True,1
42680,14-11-2022,08:00:00,10.68,630.5,2022-11-14 08:00:00,2022,11,14,1,318,8,inv2223,False,True,blue,True,True,1
42681,14-11-2022,09:00:00,11.27,577.5,2022-11-14 09:00:00,2022,11,14,1,318,9,inv2223,False,True,blue,True,True,1
42682,14-11-2022,10:00:00,11.59,371.0,2022-11-14 10:00:00,2022,11,14,1,318,10,inv2223,False,True,blue,True,True,1
42683,14-11-2022,11:00:00,12.62,291.0,2022-11-14 11:00:00,2022,11,14,1,318,11,inv2223,False,True,blue,True,True,1
42684,14-11-2022,12:00:00,12.5,274.5,2022-11-14 12:00:00,2022,11,14,1,318,12,inv2223,False,True,blue,True,True,1
42685,14-11-2022,13:00:00,11.51,341.0,2022-11-14 13:00:00,2022,11,14,1,318,13,inv2223,False,True,blue,True,True,1
42686,14-11-2022,14:00:00,10.62,306.5,2022-11-14 14:00:00,2022,11,14,1,318,14,inv2223,False,True,blue,True,True,1
42687,14-11-2022,15:00:00,10.03,616.0,2022-11-14 15:00:00,2022,11,14,1,318,15,inv2223,False,True,blue,True,True,1
42688,14-11-2022,16:00:00,9.79,583.5,2022-11-14 16:00:00,2022,11,14,1,318,16,inv2223,False,True,blue,True,True,1
42689,14-11-2022,17:00:00,9.77,525.5,2022-11-14 17:00:00,2022,11,14,1,318,17,inv2223,False,True,blue,True,True,1
42690,14-11-2022,18:00:00,9.72,350.0,2022-11-14 18:00:00,2022,11,14,1,318,18,inv2223,False,True,blue,True,True,1
42703,15-11-2022,07:00:00,6.33,653.5,2022-11-15 07:00:00,2022,11,15,2,319,7,inv2223,False,True,blue,True,True,1
42704,15-11-2022,08:00:00,7.84,623.0,2022-11-15 08:00:00,2022,11,15,2,319,8,inv2223,False,True,blue,True,True,1
42705,15-11-2022,09:00:00,10.4,570.5,2022-11-15 09:00:00,2022,11,15,2,319,9,inv2223,False,True,blue,True,True,1
42706,15-11-2022,10:00:00,12.04,358.0,2022-11-15 10:00:00,2022,11,15,2,319,10,inv2223,False,True,blue,True,True,1
42707,15-11-2022,11:00:00,12.79,370.0,2022-11-15 11:00:00,2022,11,15,2,319,11,inv2223,False,True,blue,True,True,1
42708,15-11-2022,12:00:00,13.18,282.0,2022-11-15 12:00:00,2022,11,15,2,319,12,inv2223,False,True,blue,True,True,1
42709,15-11-2022,13:00:00,12.95,322.5,2022-11-15 13:00:00,2022,11,15,2,319,13,inv2223,False,True,blue,True,True,1
42710,15-11-2022,14:00:00,11.94,441.5,2022-11-15 14:00:00,2022,11,15,2,319,14,inv2223,False,True,blue,True,True,1
42711,15-11-2022,15:00:00,11.46,476.5,2022-11-15 15:00:00,2022,11,15,2,319,15,inv2223,False,True,blue,True,True,1
42712,15-11-2022,16:00:00,10.66,463.0,2022-11-15 16:00:00,2022,11,15,2,319,16,inv2223,False,True,blue,True,True,1
42713,15-11-2022,17:00:00,10.13,456.0,2022-11-15 17:00:00,2022,11,15,2,319,17,inv2223,False,True,blue,True,True,1
42714,15-11-2022,18:00:00,10.0,327.0,2022-11-15 18:00:00,2022,11,15,2,319,18,inv2223,False,True,blue,True,True,1
42727,16-11-2022,07:00:00,12.15,524.5,2022-11-16 07:00:00,2022,11,16,3,320,7,inv2223,False,True,blue,True,True,1
42728,16-11-2022,08:00:00,12.45,466.0,2022-11-16 08:00:00,2022,11,16,3,320,8,inv2223,False,True,blue,True,True,1
42729,16-11-2022,09:00:00,12.78,446.0,2022-11-16 09:00:00,2022,11,16,3,320,9,inv2223,False,True,blue,True,True,1
42730,16-11-2022,10:00:00,13.27,438.0,2022-11-16 10:00:00,2022,11,16,3,320,10,inv2223,False,True,blue,True,True,1
42731,16-11-2022,11:00:00,13.95,392.0,2022-11-16 11:00:00,2022,11,16,3,320,11,inv2223,False,True,blue,True,True,1
42732,16-11-2022,12:00:00,14.05,406.0,2022-11-16 12:00:00,2022,11,16,3,320,12,inv2223,False,True,blue,True,True,1
42733,16-11-2022,13:00:00,13.57,339.5,2022-11-16 13:00:00,2022,11,16,3,320,13,inv2223,False,True,blue,True,True,1
42734,16-11-2022,14:00:00,13.22,433.0,2022-11-16 14:00:00,2022,11,16,3,320,14,inv2223,False,True,blue,True,True,1
42735,16-11-2022,15:00:00,12.93,436.5,2022-11-16 15:00:00,2022,11,16,3,320,15,inv2223,False,True,blue,True,True,1
42736,16-11-2022,16:00:00,12.61,447.5,2022-11-16 16:00:00,2022,11,16,3,320,16,inv2223,False,True,blue,True,True,1
42737,16-11-2022,17:00:00,12.35,395.0,2022-11-16 17:00:00,2022,11,16,3,320,17,inv2223,False,True,blue,True,True,1
42738,16-11-2022,18:00:00,11.62,310.5,2022-11-16 18:00:00,2022,11,16,3,320,18,inv2223,False,True,blue,True,True,1
42751,17-11-2022,07:00:00,9.56,502.5,2022-11-17 07:00:00,2022,11,17,4,321,7,inv2223,False,True,blue,True,True,1
42752,17-11-2022,08:00:00,9.88,470.0,2022-11-17 08:00:00,2022,11,17,4,321,8,inv2223,False,True,blue,True,True,1
42753,17-11-2022,09:00:00,10.77,466.5,2022-11-17 09:00:00,2022,11,17,4,321,9,inv2223,False,True,blue,True,True,1
42754,17-11-2022,10:00:00,11.46,471.5,2022-11-17 10:00:00,2022,11,17,4,321,10,inv2223,False,True,blue,True,True,1
42755,17-11-2022,11:00:00,11.51,437.5,2022-11-17 11:00:00,2022,11,17,4,321,11,inv2223,False,True,blue,True,True,1
42756,17-11-2022,12:00:00,11.83,338.5,2022-11-17 12:00:00,2022,11,17,4,321,12,inv2223,False,True,blue,True,True,1
42757,17-11-2022,13:00:00,12.11,287.0,2022-11-17 13:00:00,2022,11,17,4,321,13,inv2223,False,True,blue,True,True,1
42758,17-11-2022,14:00:00,11.76,369.5,2022-11-17 14:00:00,2022,11,17,4,321,14,inv2223,False,True,blue,True,True,1
42759,17-11-2022,15:00:00,11.98,461.5,2022-11-17 15:00:00,2022,11,17,4,321,15,inv2223,False,True,blue,True,True,1
42760,17-11-2022,16:00:00,11.45,475.5,2022-11-17 16:00:00,2022,11,17,4,321,16,inv2223,False,True,blue,True,True,1
42761,17-11-2022,17:00:00,11.36,414.0,2022-11-17 17:00:00,2022,11,17,4,321,17,inv2223,False,True,blue,True,True,1
42762,17-11-2022,18:00:00,11.22,341.5,2022-11-17 18:00:00,2022,11,17,4,321,18,inv2223,False,True,blue,True,True,1
42775,18-11-2022,07:00:00,11.22,540.0,2022-11-18 07:00:00,2022,11,18,5,322,7,inv2223,False,True,blue,True,True,1
42776,18-11-2022,08:00:00,12.28,470.0,2022-11-18 08:00:00,2022,11,18,5,322,8,inv2223,False,True,blue,True,True,1
42777,18-11-2022,09:00:00,13.32,458.5,2022-11-18 09:00:00,2022,11,18,5,322,9,inv2223,False,True,blue,True,True,1
42778,18-11-2022,10:00:00,13.11,447.0,2022-11-18 10:00:00,2022,11,18,5,322,10,inv2223,False,True,blue,True,True,1
42779,18-11-2022,11:00:00,12.83,331.5,2022-11-18 11:00:00,2022,11,18,5,322,11,inv2223,False,True,blue,True,True,1
42780,18-11-2022,12:00:00,12.08,220.5,2022-11-18 12:00:00,2022,11,18,5,322,12,inv2223,False,True,blue,True,True,1
42781,18-11-2022,13:00:00,11.62,200.5,2022-11-18 13:00:00,2022,11,18,5,322,13,inv2223,False,True,blue,True,True,1
42782,18-11-2022,14:00:00,10.65,324.0,2022-11-18 14:00:00,2022,11,18,5,322,14,inv2223,False,True,blue,True,True,1
42783,18-11-2022,15:00:00,10.48,393.0,2022-11-18 15:00:00,2022,11,18,5,322,15,inv2223,False,True,blue,True,True,1
42784,18-11-2022,16:00:00,9.82,419.5,2022-11-18 16:00:00,2022,11,18,5,322,16,inv2223,False,True,blue,True,True,1
42848,21-11-2022,08:00:00,3.26,699.0,2022-11-21 08:00:00,2022,11,21,1,325,8,inv2223,False,True,blue,True,True,1
42849,21-11-2022,09:00:00,8.8,566.0,2022-11-21 09:00:00,2022,11,21,1,325,9,inv2223,False,True,blue,True,True,1
42850,21-11-2022,10:00:00,11.53,558.0,2022-11-21 10:00:00,2022,11,21,1,325,10,inv2223,False,True,blue,True,True,1
42851,21-11-2022,11:00:00,12.65,438.5,2022-11-21 11:00:00,2022,11,21,1,325,11,inv2223,False,True,blue,True,True,1
42852,21-11-2022,12:00:00,11.52,353.0,2022-11-21 12:00:00,2022,11,21,1,325,12,inv2223,False,True,blue,True,True,1
42853,21-11-2022,13:00:00,12.58,313.0,2022-11-21 13:00:00,2022,11,21,1,325,13,inv2223,False,True,blue,True,True,1
42854,21-11-2022,14:00:00,13.55,392.0,2022-11-21 14:00:00,2022,11,21,1,325,14,inv2223,False,True,blue,True,True,1
42855,21-11-2022,15:00:00,11.94,442.5,2022-11-21 15:00:00,2022,11,21,1,325,15,inv2223,False,True,blue,True,True,1
42856,21-11-2022,16:00:00,7.52,652.0,2022-11-21 16:00:00,2022,11,21,1,325,16,inv2223,False,True,blue,True,True,1
42857,21-11-2022,17:00:00,6.05,505.5,2022-11-21 17:00:00,2022,11,21,1,325,17,inv2223,False,True,blue,True,True,1
42871,22-11-2022,07:00:00,7.24,630.0,2022-11-22 07:00:00,2022,11,22,2,326,7,inv2223,False,True,blue,True,True,1
42872,22-11-2022,08:00:00,6.54,714.5,2022-11-22 08:00:00,2022,11,22,2,326,8,inv2223,False,True,blue,True,True,1
42873,22-11-2022,09:00:00,6.27,655.0,2022-11-22 09:00:00,2022,11,22,2,326,9,inv2223,False,True,blue,True,True,1
42874,22-11-2022,10:00:00,5.86,647.0,2022-11-22 10:00:00,2022,11,22,2,326,10,inv2223,False,True,blue,True,True,1
42875,22-11-2022,11:00:00,6.77,571.0,2022-11-22 11:00:00,2022,11,22,2,326,11,inv2223,False,True,blue,True,True,1
42878,22-11-2022,14:00:00,4.51,634.5,2022-11-22 14:00:00,2022,11,22,2,326,14,inv2223,False,True,blue,True,True,1
42879,22-11-2022,15:00:00,4.58,589.5,2022-11-22 15:00:00,2022,11,22,2,326,15,inv2223,False,True,blue,True,True,1
42880,22-11-2022,16:00:00,4.14,576.0,2022-11-22 16:00:00,2022,11,22,2,326,16,inv2223,False,True,blue,True,True,1
42897,23-11-2022,09:00:00,6.58,493.0,2022-11-23 09:00:00,2022,11,23,3,327,9,inv2223,False,True,blue,True,True,1
42898,23-11-2022,10:00:00,7.24,682.5,2022-11-23 10:00:00,2022,11,23,3,327,10,inv2223,False,True,blue,True,True,1
42899,23-11-2022,11:00:00,7.39,623.0,2022-11-23 11:00:00,2022,11,23,3,327,11,inv2223,False,True,blue,True,True,1
42900,23-11-2022,12:00:00,7.54,542.0,2022-11-23 12:00:00,2022,11,23,3,327,12,inv2223,False,True,blue,True,True,1
42901,23-11-2022,13:00:00,8.43,613.0,2022-11-23 13:00:00,2022,11,23,3,327,13,inv2223,False,True,blue,True,True,1
42902,23-11-2022,14:00:00,8.98,639.0,2022-11-23 14:00:00,2022,11,23,3,327,14,inv2223,False,True,blue,True,True,1
42903,23-11-2022,15:00:00,9.65,589.5,2022-11-23 15:00:00,2022,11,23,3,327,15,inv2223,False,True,blue,True,True,1
42904,23-11-2022,16:00:00,7.58,627.5,2022-11-23 16:00:00,2022,11,23,3,327,16,inv2223,False,True,blue,True,True,1
42905,23-11-2022,17:00:00,3.47,592.5,2022-11-23 17:00:00,2022,11,23,3,327,17,inv2223,False,True,blue,True,True,1
42920,24-11-2022,08:00:00,3.98,658.5,2022-11-24 08:00:00,2022,11,24,4,328,8,inv2223,False,True,blue,True,True,1
42921,24-11-2022,09:00:00,7.92,573.0,2022-11-24 09:00:00,2022,11,24,4,328,9,inv2223,False,True,blue,True,True,1
42922,24-11-2022,10:00:00,11.98,538.0,2022-11-24 10:00:00,2022,11,24,4,328,10,inv2223,False,True,blue,True,True,1
42923,24-11-2022,11:00:00,13.6,464.0,2022-11-24 11:00:00,2022,11,24,4,328,11,inv2223,False,True,blue,True,True,1
42924,24-11-2022,12:00:00,15.47,343.5,2022-11-24 12:00:00,2022,11,24,4,328,12,inv2223,False,True,blue,True,True,1
42925,24-11-2022,13:00:00,15.35,372.0,2022-11-24 13:00:00,2022,11,24,4,328,13,inv2223,False,True,blue,True,True,1
42926,24-11-2022,14:00:00,14.26,491.5,2022-11-24 14:00:00,2022,11,24,4,328,14,inv2223,False,True,blue,True,True,1
42927,24-11-2022,15:00:00,12.2,483.5,2022-11-24 15:00:00,2022,11,24,4,328,15,inv2223,False,True,blue,True,True,1
42928,24-11-2022,16:00:00,10.45,489.5,2022-11-24 16:00:00,2022,11,24,4,328,16,inv2223,False,True,blue,True,True,1
42929,24-11-2022,17:00:00,7.92,511.5,2022-11-24 17:00:00,2022,11,24,4,328,17,inv2223,False,True,blue,True,True,1
42943,25-11-2022,07:00:00,3.16,713.5,2022-11-25 07:00:00,2022,11,25,5,329,7,inv2223,False,True,blue,True,True,1
42944,25-11-2022,08:00:00,5.38,675.5,2022-11-25 08:00:00,2022,11,25,5,329,8,inv2223,False,True,blue,True,True,1
42945,25-11-2022,09:00:00,7.74,579.5,2022-11-25 09:00:00,2022,11,25,5,329,9,inv2223,False,True,blue,True,True,1
42946,25-11-2022,10:00:00,10.29,497.5,2022-11-25 10:00:00,2022,11,25,5,329,10,inv2223,False,True,blue,True,True,1
42947,25-11-2022,11:00:00,14.41,435.0,2022-11-25 11:00:00,2022,11,25,5,329,11,inv2223,False,True,blue,True,True,1
42948,25-11-2022,12:00:00,13.93,305.0,2022-11-25 12:00:00,2022,11,25,5,329,12,inv2223,False,True,blue,True,True,1
42949,25-11-2022,13:00:00,14.21,331.5,2022-11-25 13:00:00,2022,11,25,5,329,13,inv2223,False,True,blue,True,True,1
42950,25-11-2022,14:00:00,14.42,550.0,2022-11-25 14:00:00,2022,11,25,5,329,14,inv2223,False,True,blue,True,True,1
42951,25-11-2022,15:00:00,12.29,463.0,2022-11-25 15:00:00,2022,11,25,5,329,15,inv2223,False,True,blue,True,True,1
42952,25-11-2022,16:00:00,10.99,463.5,2022-11-25 16:00:00,2022,11,25,5,329,16,inv2223,False,True,blue,True,True,1
42953,25-11-2022,17:00:00,9.76,461.0,2022-11-25 17:00:00,2022,11,25,5,329,17,inv2223,False,True,blue,True,True,1
43015,28-11-2022,07:00:00,2.03,830.0,2022-11-28 07:00:00,2022,11,28,1,332,7,inv2223,False,True,blue,True,True,1
43016,28-11-2022,08:00:00,5.16,747.5,2022-11-28 08:00:00,2022,11,28,1,332,8,inv2223,False,True,blue,True,True,1
43017,28-11-2022,09:00:00,7.69,692.5,2022-11-28 09:00:00,2022,11,28,1,332,9,inv2223,False,True,blue,True,True,1
43018,28-11-2022,10:00:00,9.01,691.0,2022-11-28 10:00:00,2022,11,28,1,332,10,inv2223,False,True,blue,True,True,1
43019,28-11-2022,11:00:00,9.26,689.5,2022-11-28 11:00:00,2022,11,28,1,332,11,inv2223,False,True,blue,True,True,1
43020,28-11-2022,12:00:00,9.76,477.5,2022-11-28 12:00:00,2022,11,28,1,332,12,inv2223,False,True,blue,True,True,1
43021,28-11-2022,13:00:00,10.05,491.0,2022-11-28 13:00:00,2022,11,28,1,332,13,inv2223,False,True,blue,True,True,1
43022,28-11-2022,14:00:00,9.31,659.5,2022-11-28 14:00:00,2022,11,28,1,332,14,inv2223,False,True,blue,True,True,1
43023,28-11-2022,15:00:00,7.97,675.0,2022-11-28 15:00:00,2022,11,28,1,332,15,inv2223,False,True,blue,True,True,1
43024,28-11-2022,16:00:00,6.59,649.5,2022-11-28 16:00:00,2022,11,28,1,332,16,inv2223,False,True,blue,True,True,1
43025,28-11-2022,17:00:00,6.14,638.5,2022-11-28 17:00:00,2022,11,28,1,332,17,inv2223,False,True,blue,True,True,1
43039,29-11-2022,07:00:00,3.97,806.0,2022-11-29 07:00:00,2022,11,29,2,333,7,inv2223,False,True,blue,True,True,1
43040,29-11-2022,08:00:00,3.99,709.0,2022-11-29 08:00:00,2022,11,29,2,333,8,inv2223,False,True,blue,True,True,1
43041,29-11-2022,09:00:00,4.3,690.0,2022-11-29 09:00:00,2022,11,29,2,333,9,inv2223,False,True,blue,True,True,1
43042,29-11-2022,10:00:00,4.84,688.0,2022-11-29 10:00:00,2022,11,29,2,333,10,inv2223,False,True,blue,True,True,1
43043,29-11-2022,11:00:00,5.06,734.5,2022-11-29 11:00:00,2022,11,29,2,333,11,inv2223,False,True,blue,True,True,1
43044,29-11-2022,12:00:00,4.92,668.5,2022-11-29 12:00:00,2022,11,29,2,333,12,inv2223,False,True,blue,True,True,1
43045,29-11-2022,13:00:00,4.95,666.5,2022-11-29 13:00:00,2022,11,29,2,333,13,inv2223,False,True,blue,True,True,1
43046,29-11-2022,14:00:00,5.45,778.0,2022-11-29 14:00:00,2022,11,29,2,333,14,inv2223,False,True,blue,True,True,1
43047,29-11-2022,15:00:00,5.02,718.5,2022-11-29 15:00:00,2022,11,29,2,333,15,inv2223,False,True,blue,True,True,1
43048,29-11-2022,16:00:00,4.01,714.0,2022-11-29 16:00:00,2022,11,29,2,333,16,inv2223,False,True,blue,True,True,1
43049,29-11-2022,17:00:00,3.59,708.5,2022-11-29 17:00:00,2022,11,29,2,333,17,inv2223,False,True,blue,True,True,1
43063,30-11-2022,07:00:00,3.89,911.5,2022-11-30 07:00:00,2022,11,30,3,334,7,inv2223,False,True,blue,True,True,1
43064,30-11-2022,08:00:00,4.29,804.5,2022-11-30 08:00:00,2022,11,30,3,334,8,inv2223,False,True,blue,True,True,1
43065,30-11-2022,09:00:00,4.71,833.0,2022-11-30 09:00:00,2022,11,30,3,334,9,inv2223,False,True,blue,True,True,1
43066,30-11-2022,10:00:00,5.31,793.5,2022-11-30 10:00:00,2022,11,30,3,334,10,inv2223,False,True,blue,True,True,1
43067,30-11-2022,11:00:00,6.02,722.0,2022-11-30 11:00:00,2022,11,30,3,334,11,inv2223,False,True,blue,True,True,1
43068,30-11-2022,12:00:00,6.25,605.0,2022-11-30 12:00:00,2022,11,30,3,334,12,inv2223,False,True,blue,True,True,1
43069,30-11-2022,13:00:00,5.99,646.0,2022-11-30 13:00:00,2022,11,30,3,334,13,inv2223,False,True,blue,True,True,1
43070,30-11-2022,14:00:00,5.66,807.0,2022-11-30 14:00:00,2022,11,30,3,334,14,inv2223,False,True,blue,True,True,1
43071,30-11-2022,15:00:00,5.09,691.5,2022-11-30 15:00:00,2022,11,30,3,334,15,inv2223,False,True,blue,True,True,1
43072,30-11-2022,16:00:00,4.94,665.5,2022-11-30 16:00:00,2022,11,30,3,334,16,inv2223,False,True,blue,True,True,1
43073,30-11-2022,17:00:00,4.93,669.0,2022-11-30 17:00:00,2022,11,30,3,334,17,inv2223,False,True,blue,True,True,1
43087,01-12-2022,07:00:00,4.53,972.5,2022-12-01 07:00:00,2022,12,1,4,335,7,inv2223,False,True,blue,True,True,1
43088,01-12-2022,08:00:00,4.87,814.0,2022-12-01 08:00:00,2022,12,1,4,335,8,inv2223,False,True,blue,True,True,1
43089,01-12-2022,09:00:00,5.83,747.5,2022-12-01 09:00:00,2022,12,1,4,335,9,inv2223,False,True,blue,True,True,1
43090,01-12-2022,10:00:00,6.55,723.5,2022-12-01 10:00:00,2022,12,1,4,335,10,inv2223,False,True,blue,True,True,1
43091,01-12-2022,11:00:00,6.95,685.0,2022-12-01 11:00:00,2022,12,1,4,335,11,inv2223,False,True,blue,True,True,1
43092,01-12-2022,12:00:00,7.31,562.5,2022-12-01 12:00:00,2022,12,1,4,335,12,inv2223,False,True,blue,True,True,1
43093,01-12-2022,13:00:00,7.87,589.0,2022-12-01 13:00:00,2022,12,1,4,335,13,inv2223,False,True,blue,True,True,1
43094,01-12-2022,14:00:00,7.2,718.5,2022-12-01 14:00:00,2022,12,1,4,335,14,inv2223,False,True,blue,True,True,1
43095,01-12-2022,15:00:00,5.66,655.0,2022-12-01 15:00:00,2022,12,1,4,335,15,inv2223,False,True,blue,True,True,1
43096,01-12-2022,16:00:00,5.18,661.5,2022-12-01 16:00:00,2022,12,1,4,335,16,inv2223,False,True,blue,True,True,1
43097,01-12-2022,17:00:00,5.0,650.5,2022-12-01 17:00:00,2022,12,1,4,335,17,inv2223,False,True,blue,True,True,1
43111,02-12-2022,07:00:00,4.03,1004.0,2022-12-02 07:00:00,2022,12,2,5,336,7,inv2223,False,True,blue,True,True,1
43112,02-12-2022,08:00:00,4.53,830.5,2022-12-02 08:00:00,2022,12,2,5,336,8,inv2223,False,True,blue,True,True,1
43113,02-12-2022,09:00:00,4.85,788.0,2022-12-02 09:00:00,2022,12,2,5,336,9,inv2223,False,True,blue,True,True,1
43114,02-12-2022,10:00:00,5.95,709.0,2022-12-02 10:00:00,2022,12,2,5,336,10,inv2223,False,True,blue,True,True,1
43115,02-12-2022,11:00:00,6.4,674.5,2022-12-02 11:00:00,2022,12,2,5,336,11,inv2223,False,True,blue,True,True,1
43116,02-12-2022,12:00:00,6.48,578.5,2022-12-02 12:00:00,2022,12,2,5,336,12,inv2223,False,True,blue,True,True,1
43117,02-12-2022,13:00:00,6.54,629.0,2022-12-02 13:00:00,2022,12,2,5,336,13,inv2223,False,True,blue,True,True,1
43118,02-12-2022,14:00:00,6.69,689.0,2022-12-02 14:00:00,2022,12,2,5,336,14,inv2223,False,True,blue,True,True,1
43119,02-12-2022,15:00:00,5.95,647.0,2022-12-02 15:00:00,2022,12,2,5,336,15,inv2223,False,True,blue,True,True,1
43120,02-12-2022,16:00:00,5.59,617.0,2022-12-02 16:00:00,2022,12,2,5,336,16,inv2223,False,True,blue,True,True,1
43121,02-12-2022,17:00:00,5.86,634.0,2022-12-02 17:00:00,2022,12,2,5,336,17,inv2223,False,True,blue,True,True,1
43185,05-12-2022,09:00:00,11.92,687.0,2022-12-05 09:00:00,2022,12,5,1,339,9,inv2223,False,True,blue,True,True,1
43186,05-12-2022,10:00:00,12.08,672.0,2022-12-05 10:00:00,2022,12,5,1,339,10,inv2223,False,True,blue,True,True,1
43187,05-12-2022,11:00:00,11.33,676.0,2022-12-05 11:00:00,2022,12,5,1,339,11,inv2223,False,True,blue,True,True,1
43188,05-12-2022,12:00:00,11.06,556.0,2022-12-05 12:00:00,2022,12,5,1,339,12,inv2223,False,True,blue,True,True,1
43189,05-12-2022,13:00:00,11.9,560.5,2022-12-05 13:00:00,2022,12,5,1,339,13,inv2223,False,True,blue,True,True,1
43190,05-12-2022,14:00:00,11.66,738.5,2022-12-05 14:00:00,2022,12,5,1,339,14,inv2223,False,True,blue,True,True,1
43191,05-12-2022,15:00:00,12.08,631.5,2022-12-05 15:00:00,2022,12,5,1,339,15,inv2223,False,True,blue,True,True,1
43192,05-12-2022,16:00:00,11.78,623.5,2022-12-05 16:00:00,2022,12,5,1,339,16,inv2223,False,True,blue,True,True,1
43193,05-12-2022,17:00:00,11.95,600.0,2022-12-05 17:00:00,2022,12,5,1,339,17,inv2223,False,True,blue,True,True,1
43194,05-12-2022,18:00:00,11.87,276.0,2022-12-05 18:00:00,2022,12,5,1,339,18,inv2223,False,True,blue,True,True,1
43207,06-12-2022,07:00:00,4.89,1000.0,2022-12-06 07:00:00,2022,12,6,2,340,7,inv2223,False,True,blue,True,True,1
43208,06-12-2022,08:00:00,5.3,767.5,2022-12-06 08:00:00,2022,12,6,2,340,8,inv2223,False,True,blue,True,True,1
43209,06-12-2022,09:00:00,8.67,683.5,2022-12-06 09:00:00,2022,12,6,2,340,9,inv2223,False,True,blue,True,True,1
43210,06-12-2022,10:00:00,11.92,567.5,2022-12-06 10:00:00,2022,12,6,2,340,10,inv2223,False,True,blue,True,True,1
43211,06-12-2022,11:00:00,13.45,586.0,2022-12-06 11:00:00,2022,12,6,2,340,11,inv2223,False,True,blue,True,True,1
43212,06-12-2022,12:00:00,13.28,395.0,2022-12-06 12:00:00,2022,12,6,2,340,12,inv2223,False,True,blue,True,True,1
43213,06-12-2022,13:00:00,14.32,462.5,2022-12-06 13:00:00,2022,12,6,2,340,13,inv2223,False,True,blue,True,True,1
43214,06-12-2022,14:00:00,12.92,619.0,2022-12-06 14:00:00,2022,12,6,2,340,14,inv2223,False,True,blue,True,True,1
43215,06-12-2022,15:00:00,11.49,561.0,2022-12-06 15:00:00,2022,12,6,2,340,15,inv2223,False,True,blue,True,True,1
43216,06-12-2022,16:00:00,8.17,579.5,2022-12-06 16:00:00,2022,12,6,2,340,16,inv2223,False,True,blue,True,True,1
43217,06-12-2022,17:00:00,5.55,545.5,2022-12-06 17:00:00,2022,12,6,2,340,17,inv2223,False,True,blue,True,True,1
43231,07-12-2022,07:00:00,4.75,895.0,2022-12-07 07:00:00,2022,12,7,3,341,7,inv2223,False,True,blue,True,True,1
43232,07-12-2022,08:00:00,5.24,779.5,2022-12-07 08:00:00,2022,12,7,3,341,8,inv2223,False,True,blue,True,True,1
43233,07-12-2022,09:00:00,7.87,588.0,2022-12-07 09:00:00,2022,12,7,3,341,9,inv2223,False,True,blue,True,True,1
43234,07-12-2022,10:00:00,9.17,576.5,2022-12-07 10:00:00,2022,12,7,3,341,10,inv2223,False,True,blue,True,True,1
43235,07-12-2022,11:00:00,10.24,498.5,2022-12-07 11:00:00,2022,12,7,3,341,11,inv2223,False,True,blue,True,True,1
43236,07-12-2022,12:00:00,10.23,532.5,2022-12-07 12:00:00,2022,12,7,3,341,12,inv2223,False,True,blue,True,True,1
43237,07-12-2022,13:00:00,10.13,569.0,2022-12-07 13:00:00,2022,12,7,3,341,13,inv2223,False,True,blue,True,True,1
43238,07-12-2022,14:00:00,8.85,629.0,2022-12-07 14:00:00,2022,12,7,3,341,14,inv2223,False,True,blue,True,True,1
43239,07-12-2022,15:00:00,7.88,593.5,2022-12-07 15:00:00,2022,12,7,3,341,15,inv2223,False,True,blue,True,True,1
43240,07-12-2022,16:00:00,6.35,599.0,2022-12-07 16:00:00,2022,12,7,3,341,16,inv2223,False,True,blue,True,True,1
43241,07-12-2022,17:00:00,5.85,590.5,2022-12-07 17:00:00,2022,12,7,3,341,17,inv2223,False,True,blue,True,True,1
43255,08-12-2022,07:00:00,4.89,996.0,2022-12-08 07:00:00,2022,12,8,4,342,7,inv2223,False,True,blue,True,True,1
43256,08-12-2022,08:00:00,4.82,729.0,2022-12-08 08:00:00,2022,12,8,4,342,8,inv2223,False,True,blue,True,True,1
43257,08-12-2022,09:00:00,5.69,640.0,2022-12-08 09:00:00,2022,12,8,4,342,9,inv2223,False,True,blue,True,True,1
43259,08-12-2022,11:00:00,9.53,207.5,2022-12-08 11:00:00,2022,12,8,4,342,11,inv2223,False,True,blue,True,True,1
43260,08-12-2022,12:00:00,9.33,191.5,2022-12-08 12:00:00,2022,12,8,4,342,12,inv2223,False,True,blue,True,True,1
43261,08-12-2022,13:00:00,9.25,194.0,2022-12-08 13:00:00,2022,12,8,4,342,13,inv2223,False,True,blue,True,True,1
43262,08-12-2022,14:00:00,8.58,192.0,2022-12-08 14:00:00,2022,12,8,4,342,14,inv2223,False,True,blue,True,True,1
43263,08-12-2022,15:00:00,8.24,201.0,2022-12-08 15:00:00,2022,12,8,4,342,15,inv2223,False,True,blue,True,True,1
43264,08-12-2022,16:00:00,7.7,198.0,2022-12-08 16:00:00,2022,12,8,4,342,16,inv2223,False,True,blue,True,True,1
43265,08-12-2022,17:00:00,7.54,201.0,2022-12-08 17:00:00,2022,12,8,4,342,17,inv2223,False,True,blue,True,True,1
43266,08-12-2022,18:00:00,7.47,148.5,2022-12-08 18:00:00,2022,12,8,4,342,18,inv2223,False,True,blue,True,True,1
43281,09-12-2022,09:00:00,10.56,648.0,2022-12-09 09:00:00,2022,12,9,5,343,9,inv2223,False,True,blue,True,True,1
43282,09-12-2022,10:00:00,10.82,637.5,2022-12-09 10:00:00,2022,12,9,5,343,10,inv2223,False,True,blue,True,True,1
43283,09-12-2022,11:00:00,11.33,626.0,2022-12-09 11:00:00,2022,12,9,5,343,11,inv2223,False,True,blue,True,True,1
43284,09-12-2022,12:00:00,11.84,576.0,2022-12-09 12:00:00,2022,12,9,5,343,12,inv2223,False,True,blue,True,True,1
43285,09-12-2022,13:00:00,12.31,576.0,2022-12-09 13:00:00,2022,12,9,5,343,13,inv2223,False,True,blue,True,True,1
43286,09-12-2022,14:00:00,12.6,541.5,2022-12-09 14:00:00,2022,12,9,5,343,14,inv2223,False,True,blue,True,True,1
43287,09-12-2022,15:00:00,12.2,549.0,2022-12-09 15:00:00,2022,12,9,5,343,15,inv2223,False,True,blue,True,True,1
43288,09-12-2022,16:00:00,11.51,548.5,2022-12-09 16:00:00,2022,12,9,5,343,16,inv2223,False,True,blue,True,True,1
43289,09-12-2022,17:00:00,10.89,555.5,2022-12-09 17:00:00,2022,12,9,5,343,17,inv2223,False,True,blue,True,True,1
43290,09-12-2022,18:00:00,11.46,240.0,2022-12-09 18:00:00,2022,12,9,5,343,18,inv2223,False,True,blue,True,True,1
43353,12-12-2022,09:00:00,0.75,1037.0,2022-12-12 09:00:00,2022,12,12,1,346,9,inv2223,False,True,blue,True,True,1
43354,12-12-2022,10:00:00,2.77,1005.0,2022-12-12 10:00:00,2022,12,12,1,346,10,inv2223,False,True,blue,True,True,1
43355,12-12-2022,11:00:00,4.71,940.0,2022-12-12 11:00:00,2022,12,12,1,346,11,inv2223,False,True,blue,True,True,1
43356,12-12-2022,12:00:00,5.47,850.5,2022-12-12 12:00:00,2022,12,12,1,346,12,inv2223,False,True,blue,True,True,1
43357,12-12-2022,13:00:00,5.68,824.5,2022-12-12 13:00:00,2022,12,12,1,346,13,inv2223,False,True,blue,True,True,1
43358,12-12-2022,14:00:00,4.89,857.0,2022-12-12 14:00:00,2022,12,12,1,346,14,inv2223,False,True,blue,True,True,1
43359,12-12-2022,15:00:00,3.09,860.0,2022-12-12 15:00:00,2022,12,12,1,346,15,inv2223,False,True,blue,True,True,1
43377,13-12-2022,09:00:00,0.66,1026.0,2022-12-13 09:00:00,2022,12,13,2,347,9,inv2223,False,True,blue,True,True,1
43378,13-12-2022,10:00:00,1.29,975.5,2022-12-13 10:00:00,2022,12,13,2,347,10,inv2223,False,True,blue,True,True,1
43379,13-12-2022,11:00:00,1.45,970.0,2022-12-13 11:00:00,2022,12,13,2,347,11,inv2223,False,True,blue,True,True,1
43380,13-12-2022,12:00:00,1.38,948.5,2022-12-13 12:00:00,2022,12,13,2,347,12,inv2223,False,True,blue,True,True,1
43381,13-12-2022,13:00:00,1.8,930.5,2022-12-13 13:00:00,2022,12,13,2,347,13,inv2223,False,True,blue,True,True,1
43382,13-12-2022,14:00:00,1.7,932.5,2022-12-13 14:00:00,2022,12,13,2,347,14,inv2223,False,True,blue,True,True,1
43383,13-12-2022,15:00:00,1.43,922.0,2022-12-13 15:00:00,2022,12,13,2,347,15,inv2223,False,True,blue,True,True,1
43384,13-12-2022,16:00:00,0.95,907.0,2022-12-13 16:00:00,2022,12,13,2,347,16,inv2223,False,True,blue,True,True,1
43399,14-12-2022,07:00:00,0.89,1033.5,2022-12-14 07:00:00,2022,12,14,3,348,7,inv2223,False,True,blue,True,True,1
43400,14-12-2022,08:00:00,1.35,1021.5,2022-12-14 08:00:00,2022,12,14,3,348,8,inv2223,False,True,blue,True,True,1
43401,14-12-2022,09:00:00,2.52,976.0,2022-12-14 09:00:00,2022,12,14,3,348,9,inv2223,False,True,blue,True,True,1
43402,14-12-2022,10:00:00,3.32,936.0,2022-12-14 10:00:00,2022,12,14,3,348,10,inv2223,False,True,blue,True,True,1
43403,14-12-2022,11:00:00,3.38,894.5,2022-12-14 11:00:00,2022,12,14,3,348,11,inv2223,False,True,blue,True,True,1
43404,14-12-2022,12:00:00,4.07,829.5,2022-12-14 12:00:00,2022,12,14,3,348,12,inv2223,False,True,blue,True,True,1
43405,14-12-2022,13:00:00,6.52,791.0,2022-12-14 13:00:00,2022,12,14,3,348,13,inv2223,False,True,blue,True,True,1
43406,14-12-2022,14:00:00,5.78,779.5,2022-12-14 14:00:00,2022,12,14,3,348,14,inv2223,False,True,blue,True,True,1
43407,14-12-2022,15:00:00,4.34,792.0,2022-12-14 15:00:00,2022,12,14,3,348,15,inv2223,False,True,blue,True,True,1
43408,14-12-2022,16:00:00,3.23,845.5,2022-12-14 16:00:00,2022,12,14,3,348,16,inv2223,False,True,blue,True,True,1
43409,14-12-2022,17:00:00,2.86,787.0,2022-12-14 17:00:00,2022,12,14,3,348,17,inv2223,False,True,blue,True,True,1
43424,15-12-2022,08:00:00,4.23,939.0,2022-12-15 08:00:00,2022,12,15,4,349,8,inv2223,False,True,blue,True,True,1
43425,15-12-2022,09:00:00,4.56,901.5,2022-12-15 09:00:00,2022,12,15,4,349,9,inv2223,False,True,blue,True,True,1
43426,15-12-2022,10:00:00,4.92,857.0,2022-12-15 10:00:00,2022,12,15,4,349,10,inv2223,False,True,blue,True,True,1
43427,15-12-2022,11:00:00,5.48,834.0,2022-12-15 11:00:00,2022,12,15,4,349,11,inv2223,False,True,blue,True,True,1
43428,15-12-2022,12:00:00,6.03,761.0,2022-12-15 12:00:00,2022,12,15,4,349,12,inv2223,False,True,blue,True,True,1
43430,15-12-2022,14:00:00,6.43,598.0,2022-12-15 14:00:00,2022,12,15,4,349,14,inv2223,False,True,blue,True,True,1
43431,15-12-2022,15:00:00,6.49,902.0,2022-12-15 15:00:00,2022,12,15,4,349,15,inv2223,False,True,blue,True,True,1
43432,15-12-2022,16:00:00,6.87,696.0,2022-12-15 16:00:00,2022,12,15,4,349,16,inv2223,False,True,blue,True,True,1
43433,15-12-2022,17:00:00,7.1,697.0,2022-12-15 17:00:00,2022,12,15,4,349,17,inv2223,False,True,blue,True,True,1
43448,16-12-2022,08:00:00,9.89,753.0,2022-12-16 08:00:00,2022,12,16,5,350,8,inv2223,False,True,blue,True,True,1
43449,16-12-2022,09:00:00,9.88,692.5,2022-12-16 09:00:00,2022,12,16,5,350,9,inv2223,False,True,blue,True,True,1
43450,16-12-2022,10:00:00,9.85,682.0,2022-12-16 10:00:00,2022,12,16,5,350,10,inv2223,False,True,blue,True,True,1
43451,16-12-2022,11:00:00,10.22,637.5,2022-12-16 11:00:00,2022,12,16,5,350,11,inv2223,False,True,blue,True,True,1
43452,16-12-2022,12:00:00,10.49,631.5,2022-12-16 12:00:00,2022,12,16,5,350,12,inv2223,False,True,blue,True,True,1
43453,16-12-2022,13:00:00,10.06,610.5,2022-12-16 13:00:00,2022,12,16,5,350,13,inv2223,False,True,blue,True,True,1
43454,16-12-2022,14:00:00,10.04,592.5,2022-12-16 14:00:00,2022,12,16,5,350,14,inv2223,False,True,blue,True,True,1
43455,16-12-2022,15:00:00,10.21,569.5,2022-12-16 15:00:00,2022,12,16,5,350,15,inv2223,False,True,blue,True,True,1
43456,16-12-2022,16:00:00,9.83,586.5,2022-12-16 16:00:00,2022,12,16,5,350,16,inv2223,False,True,blue,True,True,1
43457,16-12-2022,17:00:00,9.55,588.0,2022-12-16 17:00:00,2022,12,16,5,350,17,inv2223,False,True,blue,True,True,1
43458,16-12-2022,18:00:00,9.42,255.0,2022-12-16 18:00:00,2022,12,16,5,350,18,inv2223,False,True,blue,True,True,1
42510,07-11-2022,06:00:00,6.04,29.5,2022-11-07 06:00:00,2022,11,7,1,311,6,inv2223,False,True,blue,False,True,2
42547,08-11-2022,19:00:00,10.41,43.5,2022-11-08 19:00:00,2022,11,8,2,312,19,inv2223,False,False,blue,False,True,2
42548,08-11-2022,20:00:00,9.75,32.5,2022-11-08 20:00:00,2022,11,8,2,312,20,inv2223,False,False,blue,False,True,2
42549,08-11-2022,21:00:00,8.1,32.5,2022-11-08 21:00:00,2022,11,8,2,312,21,inv2223,False,False,blue,False,True,2
42550,08-11-2022,22:00:00,7.23,46.5,2022-11-08 22:00:00,2022,11,8,2,312,22,inv2223,False,False,blue,False,True,2
42551,08-11-2022,23:00:00,8.01,68.0,2022-11-08 23:00:00,2022,11,8,2,312,23,inv2223,False,False,blue,False,True,2
42552,09-11-2022,00:00:00,9.91,70.0,2022-11-09 00:00:00,2022,11,9,3,313,0,inv2223,False,False,blue,False,True,2
42553,09-11-2022,01:00:00,11.17,65.0,2022-11-09 01:00:00,2022,11,9,3,313,1,inv2223,False,False,blue,False,True,2
42554,09-11-2022,02:00:00,12.44,63.5,2022-11-09 02:00:00,2022,11,9,3,313,2,inv2223,False,False,blue,False,True,2
42555,09-11-2022,03:00:00,13.04,72.5,2022-11-09 03:00:00,2022,11,9,3,313,3,inv2223,False,False,blue,False,True,2
42556,09-11-2022,04:00:00,13.31,65.5,2022-11-09 04:00:00,2022,11,9,3,313,4,inv2223,False,False,blue,False,True,2
42557,09-11-2022,05:00:00,13.62,66.0,2022-11-09 05:00:00,2022,11,9,3,313,5,inv2223,False,False,blue,False,True,2
42571,09-11-2022,19:00:00,13.08,33.5,2022-11-09 19:00:00,2022,11,9,3,313,19,inv2223,False,False,blue,False,True,2
42572,09-11-2022,20:00:00,13.63,20.0,2022-11-09 20:00:00,2022,11,9,3,313,20,inv2223,False,False,blue,False,True,2
42573,09-11-2022,21:00:00,13.62,19.5,2022-11-09 21:00:00,2022,11,9,3,313,21,inv2223,False,False,blue,False,True,2
42574,09-11-2022,22:00:00,13.38,38.5,2022-11-09 22:00:00,2022,11,9,3,313,22,inv2223,False,False,blue,False,True,2
42575,09-11-2022,23:00:00,13.32,70.0,2022-11-09 23:00:00,2022,11,9,3,313,23,inv2223,False,False,blue,False,True,2
42576,10-11-2022,00:00:00,13.33,61.0,2022-11-10 00:00:00,2022,11,10,4,314,0,inv2223,False,False,blue,False,True,2
42577,10-11-2022,01:00:00,13.46,66.0,2022-11-10 01:00:00,2022,11,10,4,314,1,inv2223,False,False,blue,False,True,2
42578,10-11-2022,02:00:00,13.61,63.5,2022-11-10 02:00:00,2022,11,10,4,314,2,inv2223,False,False,blue,False,True,2
42579,10-11-2022,03:00:00,13.64,64.5,2022-11-10 03:00:00,2022,11,10,4,314,3,inv2223,False,False,blue,False,True,2
42580,10-11-2022,04:00:00,13.74,65.0,2022-11-10 04:00:00,2022,11,10,4,314,4,inv2223,False,False,blue,False,True,2
42581,10-11-2022,05:00:00,13.74,61.0,2022-11-10 05:00:00,2022,11,10,4,314,5,inv2223,False,False,blue,False,True,2
42595,10-11-2022,19:00:00,11.79,34.0,2022-11-10 19:00:00,2022,11,10,4,314,19,inv2223,False,False,blue,False,True,2
42596,10-11-2022,20:00:00,11.38,22.0,2022-11-10 20:00:00,2022,11,10,4,314,20,inv2223,False,False,blue,False,True,2
42597,10-11-2022,21:00:00,10.86,36.0,2022-11-10 21:00:00,2022,11,10,4,314,21,inv2223,False,False,blue,False,True,2
42598,10-11-2022,22:00:00,11.02,73.0,2022-11-10 22:00:00,2022,11,10,4,314,22,inv2223,False,False,blue,False,True,2
42599,10-11-2022,23:00:00,10.61,83.5,2022-11-10 23:00:00,2022,11,10,4,314,23,inv2223,False,False,blue,False,True,2
42600,11-11-2022,00:00:00,10.41,83.0,2022-11-11 00:00:00,2022,11,11,5,315,0,inv2223,False,False,blue,False,True,2
42601,11-11-2022,01:00:00,10.32,80.5,2022-11-11 01:00:00,2022,11,11,5,315,1,inv2223,False,False,blue,False,True,2
42602,11-11-2022,02:00:00,10.41,81.5,2022-11-11 02:00:00,2022,11,11,5,315,2,inv2223,False,False,blue,False,True,2
42603,11-11-2022,03:00:00,9.55,81.0,2022-11-11 03:00:00,2022,11,11,5,315,3,inv2223,False,False,blue,False,True,2
42604,11-11-2022,04:00:00,8.85,78.5,2022-11-11 04:00:00,2022,11,11,5,315,4,inv2223,False,False,blue,False,True,2
42605,11-11-2022,05:00:00,8.2,85.5,2022-11-11 05:00:00,2022,11,11,5,315,5,inv2223,False,False,blue,False,True,2
42619,11-11-2022,19:00:00,10.35,29.5,2022-11-11 19:00:00,2022,11,11,5,315,19,inv2223,False,False,blue,False,True,2
42620,11-11-2022,20:00:00,10.46,20.5,2022-11-11 20:00:00,2022,11,11,5,315,20,inv2223,False,False,blue,False,True,2
42621,11-11-2022,21:00:00,9.95,21.0,2022-11-11 21:00:00,2022,11,11,5,315,21,inv2223,False,False,blue,False,True,2
42622,11-11-2022,22:00:00,9.89,38.5,2022-11-11 22:00:00,2022,11,11,5,315,22,inv2223,False,False,blue,False,True,2
42623,11-11-2022,23:00:00,10.93,64.0,2022-11-11 23:00:00,2022,11,11,5,315,23,inv2223,False,False,blue,False,True,2
42672,14-11-2022,00:00:00,8.9,83.5,2022-11-14 00:00:00,2022,11,14,1,318,0,inv2223,False,False,blue,False,True,2
42673,14-11-2022,01:00:00,8.5,77.5,2022-11-14 01:00:00,2022,11,14,1,318,1,inv2223,False,False,blue,False,True,2
42674,14-11-2022,02:00:00,8.79,79.5,2022-11-14 02:00:00,2022,11,14,1,318,2,inv2223,False,False,blue,False,True,2
42675,14-11-2022,03:00:00,9.12,69.0,2022-11-14 03:00:00,2022,11,14,1,318,3,inv2223,False,False,blue,False,True,2
42676,14-11-2022,04:00:00,9.42,69.5,2022-11-14 04:00:00,2022,11,14,1,318,4,inv2223,False,False,blue,False,True,2
42677,14-11-2022,05:00:00,8.78,86.0,2022-11-14 05:00:00,2022,11,14,1,318,5,inv2223,False,False,blue,False,True,2
42691,14-11-2022,19:00:00,9.68,40.0,2022-11-14 19:00:00,2022,11,14,1,318,19,inv2223,False,False,blue,False,True,2
42692,14-11-2022,20:00:00,9.64,23.5,2022-11-14 20:00:00,2022,11,14,1,318,20,inv2223,False,False,blue,False,True,2
42693,14-11-2022,21:00:00,9.19,24.5,2022-11-14 21:00:00,2022,11,14,1,318,21,inv2223,False,False,blue,False,True,2
42694,14-11-2022,22:00:00,8.75,67.0,2022-11-14 22:00:00,2022,11,14,1,318,22,inv2223,False,False,blue,False,True,2
42695,14-11-2022,23:00:00,8.61,78.5,2022-11-14 23:00:00,2022,11,14,1,318,23,inv2223,False,False,blue,False,True,2
42696,15-11-2022,00:00:00,8.15,78.0,2022-11-15 00:00:00,2022,11,15,2,319,0,inv2223,False,False,blue,False,True,2
42697,15-11-2022,01:00:00,6.96,85.0,2022-11-15 01:00:00,2022,11,15,2,319,1,inv2223,False,False,blue,False,True,2
42698,15-11-2022,02:00:00,6.37,76.5,2022-11-15 02:00:00,2022,11,15,2,319,2,inv2223,False,False,blue,False,True,2
42699,15-11-2022,03:00:00,4.79,80.0,2022-11-15 03:00:00,2022,11,15,2,319,3,inv2223,False,False,blue,False,True,2
42700,15-11-2022,04:00:00,4.1,86.5,2022-11-15 04:00:00,2022,11,15,2,319,4,inv2223,False,False,blue,False,True,2
42701,15-11-2022,05:00:00,4.9,78.0,2022-11-15 05:00:00,2022,11,15,2,319,5,inv2223,False,False,blue,False,True,2
42715,15-11-2022,19:00:00,10.2,44.5,2022-11-15 19:00:00,2022,11,15,2,319,19,inv2223,False,False,blue,False,True,2
42716,15-11-2022,20:00:00,10.18,26.5,2022-11-15 20:00:00,2022,11,15,2,319,20,inv2223,False,False,blue,False,True,2
42717,15-11-2022,21:00:00,10.49,31.5,2022-11-15 21:00:00,2022,11,15,2,319,21,inv2223,False,False,blue,False,True,2
42718,15-11-2022,22:00:00,10.45,68.5,2022-11-15 22:00:00,2022,11,15,2,319,22,inv2223,False,False,blue,False,True,2
42719,15-11-2022,23:00:00,10.29,73.0,2022-11-15 23:00:00,2022,11,15,2,319,23,inv2223,False,False,blue,False,True,2
42720,16-11-2022,00:00:00,10.77,69.5,2022-11-16 00:00:00,2022,11,16,3,320,0,inv2223,False,False,blue,False,True,2
42721,16-11-2022,01:00:00,10.82,66.5,2022-11-16 01:00:00,2022,11,16,3,320,1,inv2223,False,False,blue,False,True,2
42722,16-11-2022,02:00:00,11.07,71.0,2022-11-16 02:00:00,2022,11,16,3,320,2,inv2223,False,False,blue,False,True,2
42723,16-11-2022,03:00:00,11.44,68.0,2022-11-16 03:00:00,2022,11,16,3,320,3,inv2223,False,False,blue,False,True,2
42724,16-11-2022,04:00:00,11.69,70.0,2022-11-16 04:00:00,2022,11,16,3,320,4,inv2223,False,False,blue,False,True,2
42725,16-11-2022,05:00:00,11.99,67.0,2022-11-16 05:00:00,2022,11,16,3,320,5,inv2223,False,False,blue,False,True,2
42739,16-11-2022,19:00:00,11.78,32.0,2022-11-16 19:00:00,2022,11,16,3,320,19,inv2223,False,False,blue,False,True,2
42740,16-11-2022,20:00:00,11.29,1.5,2022-11-16 20:00:00,2022,11,16,3,320,20,inv2223,False,False,blue,False,True,2
42741,16-11-2022,21:00:00,11.01,63.5,2022-11-16 21:00:00,2022,11,16,3,320,21,inv2223,False,False,blue,False,True,2
42742,16-11-2022,22:00:00,10.86,83.0,2022-11-16 22:00:00,2022,11,16,3,320,22,inv2223,False,False,blue,False,True,2
42743,16-11-2022,23:00:00,10.13,71.0,2022-11-16 23:00:00,2022,11,16,3,320,23,inv2223,False,False,blue,False,True,2
42744,17-11-2022,00:00:00,9.73,71.5,2022-11-17 00:00:00,2022,11,17,4,321,0,inv2223,False,False,blue,False,True,2
42745,17-11-2022,01:00:00,8.93,75.0,2022-11-17 01:00:00,2022,11,17,4,321,1,inv2223,False,False,blue,False,True,2
42746,17-11-2022,02:00:00,8.43,83.0,2022-11-17 02:00:00,2022,11,17,4,321,2,inv2223,False,False,blue,False,True,2
42747,17-11-2022,03:00:00,8.24,76.0,2022-11-17 03:00:00,2022,11,17,4,321,3,inv2223,False,False,blue,False,True,2
42748,17-11-2022,04:00:00,8.81,70.5,2022-11-17 04:00:00,2022,11,17,4,321,4,inv2223,False,False,blue,False,True,2
42749,17-11-2022,05:00:00,9.42,70.5,2022-11-17 05:00:00,2022,11,17,4,321,5,inv2223,False,False,blue,False,True,2
42763,17-11-2022,19:00:00,10.75,33.0,2022-11-17 19:00:00,2022,11,17,4,321,19,inv2223,False,False,blue,False,True,2
42764,17-11-2022,20:00:00,10.33,21.5,2022-11-17 20:00:00,2022,11,17,4,321,20,inv2223,False,False,blue,False,True,2
42765,17-11-2022,21:00:00,9.47,18.5,2022-11-17 21:00:00,2022,11,17,4,321,21,inv2223,False,False,blue,False,True,2
42766,17-11-2022,22:00:00,9.41,53.0,2022-11-17 22:00:00,2022,11,17,4,321,22,inv2223,False,False,blue,False,True,2
42767,17-11-2022,23:00:00,9.68,63.0,2022-11-17 23:00:00,2022,11,17,4,321,23,inv2223,False,False,blue,False,True,2
42768,18-11-2022,00:00:00,10.23,60.0,2022-11-18 00:00:00,2022,11,18,5,322,0,inv2223,False,False,blue,False,True,2
42769,18-11-2022,01:00:00,10.54,63.0,2022-11-18 01:00:00,2022,11,18,5,322,1,inv2223,False,False,blue,False,True,2
42770,18-11-2022,02:00:00,11.07,61.0,2022-11-18 02:00:00,2022,11,18,5,322,2,inv2223,False,False,blue,False,True,2
42771,18-11-2022,03:00:00,12.2,55.5,2022-11-18 03:00:00,2022,11,18,5,322,3,inv2223,False,False,blue,False,True,2
42772,18-11-2022,04:00:00,11.77,69.0,2022-11-18 04:00:00,2022,11,18,5,322,4,inv2223,False,False,blue,False,True,2
42773,18-11-2022,05:00:00,10.84,74.0,2022-11-18 05:00:00,2022,11,18,5,322,5,inv2223,False,False,blue,False,True,2
42787,18-11-2022,19:00:00,5.25,50.0,2022-11-18 19:00:00,2022,11,18,5,322,19,inv2223,False,False,blue,False,True,2
42788,18-11-2022,20:00:00,3.96,31.0,2022-11-18 20:00:00,2022,11,18,5,322,20,inv2223,False,False,blue,False,True,2
42789,18-11-2022,21:00:00,3.53,83.5,2022-11-18 21:00:00,2022,11,18,5,322,21,inv2223,False,False,blue,False,True,2
42790,18-11-2022,22:00:00,2.99,106.0,2022-11-18 22:00:00,2022,11,18,5,322,22,inv2223,False,False,blue,False,True,2
42791,18-11-2022,23:00:00,2.74,101.5,2022-11-18 23:00:00,2022,11,18,5,322,23,inv2223,False,False,blue,False,True,2
42840,21-11-2022,00:00:00,3.31,139.0,2022-11-21 00:00:00,2022,11,21,1,325,0,inv2223,False,False,blue,False,True,2
42841,21-11-2022,01:00:00,3.66,126.0,2022-11-21 01:00:00,2022,11,21,1,325,1,inv2223,False,False,blue,False,True,2
42842,21-11-2022,02:00:00,3.34,131.0,2022-11-21 02:00:00,2022,11,21,1,325,2,inv2223,False,False,blue,False,True,2
42843,21-11-2022,03:00:00,2.17,146.0,2022-11-21 03:00:00,2022,11,21,1,325,3,inv2223,False,False,blue,False,True,2
42844,21-11-2022,04:00:00,0.29,142.0,2022-11-21 04:00:00,2022,11,21,1,325,4,inv2223,False,False,blue,False,True,2
42845,21-11-2022,05:00:00,0.85,130.0,2022-11-21 05:00:00,2022,11,21,1,325,5,inv2223,False,False,blue,False,True,2
42859,21-11-2022,19:00:00,5.25,99.5,2022-11-21 19:00:00,2022,11,21,1,325,19,inv2223,False,False,blue,False,True,2
42860,21-11-2022,20:00:00,6.51,159.5,2022-11-21 20:00:00,2022,11,21,1,325,20,inv2223,False,False,blue,False,True,2
42885,22-11-2022,21:00:00,5.69,129.5,2022-11-22 21:00:00,2022,11,22,2,326,21,inv2223,False,False,blue,False,True,2
42886,22-11-2022,22:00:00,5.85,155.5,2022-11-22 22:00:00,2022,11,22,2,326,22,inv2223,False,False,blue,False,True,2
42887,22-11-2022,23:00:00,5.32,186.0,2022-11-22 23:00:00,2022,11,22,2,326,23,inv2223,False,False,blue,False,True,2
42888,23-11-2022,00:00:00,4.89,192.0,2022-11-23 00:00:00,2022,11,23,3,327,0,inv2223,False,False,blue,False,True,2
42889,23-11-2022,01:00:00,4.92,193.0,2022-11-23 01:00:00,2022,11,23,3,327,1,inv2223,False,False,blue,False,True,2
42890,23-11-2022,02:00:00,5.02,186.0,2022-11-23 02:00:00,2022,11,23,3,327,2,inv2223,False,False,blue,False,True,2
42891,23-11-2022,03:00:00,5.15,190.0,2022-11-23 03:00:00,2022,11,23,3,327,3,inv2223,False,False,blue,False,True,2
42894,23-11-2022,06:00:00,5.31,210.5,2022-11-23 06:00:00,2022,11,23,3,327,6,inv2223,False,True,blue,False,True,2
42907,23-11-2022,19:00:00,1.39,77.0,2022-11-23 19:00:00,2022,11,23,3,327,19,inv2223,False,False,blue,False,True,2
42908,23-11-2022,20:00:00,1.39,167.0,2022-11-23 20:00:00,2022,11,23,3,327,20,inv2223,False,False,blue,False,True,2
42909,23-11-2022,21:00:00,0.99,207.5,2022-11-23 21:00:00,2022,11,23,3,327,21,inv2223,False,False,blue,False,True,2
42915,24-11-2022,03:00:00,1.57,188.0,2022-11-24 03:00:00,2022,11,24,4,328,3,inv2223,False,False,blue,False,True,2
42916,24-11-2022,04:00:00,2.25,202.0,2022-11-24 04:00:00,2022,11,24,4,328,4,inv2223,False,False,blue,False,True,2
42917,24-11-2022,05:00:00,2.05,201.5,2022-11-24 05:00:00,2022,11,24,4,328,5,inv2223,False,False,blue,False,True,2
42931,24-11-2022,19:00:00,3.93,72.5,2022-11-24 19:00:00,2022,11,24,4,328,19,inv2223,False,False,blue,False,True,2
42932,24-11-2022,20:00:00,2.57,64.0,2022-11-24 20:00:00,2022,11,24,4,328,20,inv2223,False,False,blue,False,True,2
42933,24-11-2022,21:00:00,3.54,121.5,2022-11-24 21:00:00,2022,11,24,4,328,21,inv2223,False,False,blue,False,True,2
42934,24-11-2022,22:00:00,3.34,136.0,2022-11-24 22:00:00,2022,11,24,4,328,22,inv2223,False,False,blue,False,True,2
42935,24-11-2022,23:00:00,2.44,140.5,2022-11-24 23:00:00,2022,11,24,4,328,23,inv2223,False,False,blue,False,True,2
42936,25-11-2022,00:00:00,1.49,146.5,2022-11-25 00:00:00,2022,11,25,5,329,0,inv2223,False,False,blue,False,True,2
42937,25-11-2022,01:00:00,2.09,142.0,2022-11-25 01:00:00,2022,11,25,5,329,1,inv2223,False,False,blue,False,True,2
42938,25-11-2022,02:00:00,2.81,145.5,2022-11-25 02:00:00,2022,11,25,5,329,2,inv2223,False,False,blue,False,True,2
42939,25-11-2022,03:00:00,3.07,140.0,2022-11-25 03:00:00,2022,11,25,5,329,3,inv2223,False,False,blue,False,True,2
42940,25-11-2022,04:00:00,3.34,152.0,2022-11-25 04:00:00,2022,11,25,5,329,4,inv2223,False,False,blue,False,True,2
42941,25-11-2022,05:00:00,2.56,150.0,2022-11-25 05:00:00,2022,11,25,5,329,5,inv2223,False,False,blue,False,True,2
42955,25-11-2022,19:00:00,5.56,66.5,2022-11-25 19:00:00,2022,11,25,5,329,19,inv2223,False,False,blue,False,True,2
42956,25-11-2022,20:00:00,4.34,57.5,2022-11-25 20:00:00,2022,11,25,5,329,20,inv2223,False,False,blue,False,True,2
42957,25-11-2022,21:00:00,3.4,121.5,2022-11-25 21:00:00,2022,11,25,5,329,21,inv2223,False,False,blue,False,True,2
42958,25-11-2022,22:00:00,4.16,132.0,2022-11-25 22:00:00,2022,11,25,5,329,22,inv2223,False,False,blue,False,True,2
42959,25-11-2022,23:00:00,5.59,126.5,2022-11-25 23:00:00,2022,11,25,5,329,23,inv2223,False,False,blue,False,True,2
43008,28-11-2022,00:00:00,4.3,171.5,2022-11-28 00:00:00,2022,11,28,1,332,0,inv2223,False,False,blue,False,True,2
43009,28-11-2022,01:00:00,3.84,171.5,2022-11-28 01:00:00,2022,11,28,1,332,1,inv2223,False,False,blue,False,True,2
43010,28-11-2022,02:00:00,3.53,141.0,2022-11-28 02:00:00,2022,11,28,1,332,2,inv2223,False,False,blue,False,True,2
43011,28-11-2022,03:00:00,3.77,125.0,2022-11-28 03:00:00,2022,11,28,1,332,3,inv2223,False,False,blue,False,True,2
43012,28-11-2022,04:00:00,3.04,126.5,2022-11-28 04:00:00,2022,11,28,1,332,4,inv2223,False,False,blue,False,True,2
43013,28-11-2022,05:00:00,3.47,129.5,2022-11-28 05:00:00,2022,11,28,1,332,5,inv2223,False,False,blue,False,True,2
43027,28-11-2022,19:00:00,5.42,72.0,2022-11-28 19:00:00,2022,11,28,1,332,19,inv2223,False,False,blue,False,True,2
43028,28-11-2022,20:00:00,5.18,126.0,2022-11-28 20:00:00,2022,11,28,1,332,20,inv2223,False,False,blue,False,True,2
43029,28-11-2022,21:00:00,4.94,170.5,2022-11-28 21:00:00,2022,11,28,1,332,21,inv2223,False,False,blue,False,True,2
43030,28-11-2022,22:00:00,4.75,152.5,2022-11-28 22:00:00,2022,11,28,1,332,22,inv2223,False,False,blue,False,True,2
43031,28-11-2022,23:00:00,4.62,160.5,2022-11-28 23:00:00,2022,11,28,1,332,23,inv2223,False,False,blue,False,True,2
43032,29-11-2022,00:00:00,4.6,158.0,2022-11-29 00:00:00,2022,11,29,2,333,0,inv2223,False,False,blue,False,True,2
43033,29-11-2022,01:00:00,4.51,177.0,2022-11-29 01:00:00,2022,11,29,2,333,1,inv2223,False,False,blue,False,True,2
43034,29-11-2022,02:00:00,3.97,180.0,2022-11-29 02:00:00,2022,11,29,2,333,2,inv2223,False,False,blue,False,True,2
43035,29-11-2022,03:00:00,3.69,161.5,2022-11-29 03:00:00,2022,11,29,2,333,3,inv2223,False,False,blue,False,True,2
43036,29-11-2022,04:00:00,3.71,190.5,2022-11-29 04:00:00,2022,11,29,2,333,4,inv2223,False,False,blue,False,True,2
43037,29-11-2022,05:00:00,3.69,177.5,2022-11-29 05:00:00,2022,11,29,2,333,5,inv2223,False,False,blue,False,True,2
43051,29-11-2022,19:00:00,3.45,65.5,2022-11-29 19:00:00,2022,11,29,2,333,19,inv2223,False,False,blue,False,True,2
43052,29-11-2022,20:00:00,3.35,181.0,2022-11-29 20:00:00,2022,11,29,2,333,20,inv2223,False,False,blue,False,True,2
43053,29-11-2022,21:00:00,3.45,196.5,2022-11-29 21:00:00,2022,11,29,2,333,21,inv2223,False,False,blue,False,True,2
43054,29-11-2022,22:00:00,3.49,201.0,2022-11-29 22:00:00,2022,11,29,2,333,22,inv2223,False,False,blue,False,True,2
43055,29-11-2022,23:00:00,3.6,205.0,2022-11-29 23:00:00,2022,11,29,2,333,23,inv2223,False,False,blue,False,True,2
43056,30-11-2022,00:00:00,3.65,205.5,2022-11-30 00:00:00,2022,11,30,3,334,0,inv2223,False,False,blue,False,True,2
43057,30-11-2022,01:00:00,3.57,198.0,2022-11-30 01:00:00,2022,11,30,3,334,1,inv2223,False,False,blue,False,True,2
43058,30-11-2022,02:00:00,3.47,205.5,2022-11-30 02:00:00,2022,11,30,3,334,2,inv2223,False,False,blue,False,True,2
43059,30-11-2022,03:00:00,3.6,200.5,2022-11-30 03:00:00,2022,11,30,3,334,3,inv2223,False,False,blue,False,True,2
43060,30-11-2022,04:00:00,3.86,196.5,2022-11-30 04:00:00,2022,11,30,3,334,4,inv2223,False,False,blue,False,True,2
43061,30-11-2022,05:00:00,3.72,206.5,2022-11-30 05:00:00,2022,11,30,3,334,5,inv2223,False,False,blue,False,True,2
43075,30-11-2022,19:00:00,4.84,43.0,2022-11-30 19:00:00,2022,11,30,3,334,19,inv2223,False,False,blue,False,True,2
43076,30-11-2022,20:00:00,4.94,148.5,2022-11-30 20:00:00,2022,11,30,3,334,20,inv2223,False,False,blue,False,True,2
43077,30-11-2022,21:00:00,4.83,162.0,2022-11-30 21:00:00,2022,11,30,3,334,21,inv2223,False,False,blue,False,True,2
43078,30-11-2022,22:00:00,4.62,170.5,2022-11-30 22:00:00,2022,11,30,3,334,22,inv2223,False,False,blue,False,True,2
43079,30-11-2022,23:00:00,4.62,165.5,2022-11-30 23:00:00,2022,11,30,3,334,23,inv2223,False,False,blue,False,True,2
43080,01-12-2022,00:00:00,4.56,168.0,2022-12-01 00:00:00,2022,12,1,4,335,0,inv2223,False,False,blue,False,True,2
43081,01-12-2022,01:00:00,4.3,170.0,2022-12-01 01:00:00,2022,12,1,4,335,1,inv2223,False,False,blue,False,True,2
43082,01-12-2022,02:00:00,4.17,170.5,2022-12-01 02:00:00,2022,12,1,4,335,2,inv2223,False,False,blue,False,True,2
43083,01-12-2022,03:00:00,4.27,168.0,2022-12-01 03:00:00,2022,12,1,4,335,3,inv2223,False,False,blue,False,True,2
43084,01-12-2022,04:00:00,4.36,170.5,2022-12-01 04:00:00,2022,12,1,4,335,4,inv2223,False,False,blue,False,True,2
43085,01-12-2022,05:00:00,4.47,169.5,2022-12-01 05:00:00,2022,12,1,4,335,5,inv2223,False,False,blue,False,True,2
43099,01-12-2022,19:00:00,4.47,75.0,2022-12-01 19:00:00,2022,12,1,4,335,19,inv2223,False,False,blue,False,True,2
43100,01-12-2022,20:00:00,4.08,131.0,2022-12-01 20:00:00,2022,12,1,4,335,20,inv2223,False,False,blue,False,True,2
43101,01-12-2022,21:00:00,4.22,141.5,2022-12-01 21:00:00,2022,12,1,4,335,21,inv2223,False,False,blue,False,True,2
43102,01-12-2022,22:00:00,4.57,140.0,2022-12-01 22:00:00,2022,12,1,4,335,22,inv2223,False,False,blue,False,True,2
43103,01-12-2022,23:00:00,4.62,139.5,2022-12-01 23:00:00,2022,12,1,4,335,23,inv2223,False,False,blue,False,True,2
43104,02-12-2022,00:00:00,4.06,150.5,2022-12-02 00:00:00,2022,12,2,5,336,0,inv2223,False,False,blue,False,True,2
43105,02-12-2022,01:00:00,3.64,148.5,2022-12-02 01:00:00,2022,12,2,5,336,1,inv2223,False,False,blue,False,True,2
43106,02-12-2022,02:00:00,3.57,152.5,2022-12-02 02:00:00,2022,12,2,5,336,2,inv2223,False,False,blue,False,True,2
43107,02-12-2022,03:00:00,3.47,152.0,2022-12-02 03:00:00,2022,12,2,5,336,3,inv2223,False,False,blue,False,True,2
43108,02-12-2022,04:00:00,3.44,151.0,2022-12-02 04:00:00,2022,12,2,5,336,4,inv2223,False,False,blue,False,True,2
43109,02-12-2022,05:00:00,3.71,144.5,2022-12-02 05:00:00,2022,12,2,5,336,5,inv2223,False,False,blue,False,True,2
43123,02-12-2022,19:00:00,5.2,69.5,2022-12-02 19:00:00,2022,12,2,5,336,19,inv2223,False,False,blue,False,True,2
43124,02-12-2022,20:00:00,5.03,102.0,2022-12-02 20:00:00,2022,12,2,5,336,20,inv2223,False,False,blue,False,True,2
43125,02-12-2022,21:00:00,4.71,128.0,2022-12-02 21:00:00,2022,12,2,5,336,21,inv2223,False,False,blue,False,True,2
43126,02-12-2022,22:00:00,5.22,122.0,2022-12-02 22:00:00,2022,12,2,5,336,22,inv2223,False,False,blue,False,True,2
43127,02-12-2022,23:00:00,5.72,129.0,2022-12-02 23:00:00,2022,12,2,5,336,23,inv2223,False,False,blue,False,True,2
43176,05-12-2022,00:00:00,6.29,114.5,2022-12-05 00:00:00,2022,12,5,1,339,0,inv2223,False,False,blue,False,True,2
43177,05-12-2022,01:00:00,5.59,115.0,2022-12-05 01:00:00,2022,12,5,1,339,1,inv2223,False,False,blue,False,True,2
43178,05-12-2022,02:00:00,4.81,125.0,2022-12-05 02:00:00,2022,12,5,1,339,2,inv2223,False,False,blue,False,True,2
43179,05-12-2022,03:00:00,5.0,115.5,2022-12-05 03:00:00,2022,12,5,1,339,3,inv2223,False,False,blue,False,True,2
43180,05-12-2022,04:00:00,6.55,107.0,2022-12-05 04:00:00,2022,12,5,1,339,4,inv2223,False,False,blue,False,True,2
43181,05-12-2022,05:00:00,7.81,107.5,2022-12-05 05:00:00,2022,12,5,1,339,5,inv2223,False,False,blue,False,True,2
43195,05-12-2022,19:00:00,12.0,49.5,2022-12-05 19:00:00,2022,12,5,1,339,19,inv2223,False,False,blue,False,True,2
43196,05-12-2022,20:00:00,11.1,61.5,2022-12-05 20:00:00,2022,12,5,1,339,20,inv2223,False,False,blue,False,True,2
43197,05-12-2022,21:00:00,9.07,110.0,2022-12-05 21:00:00,2022,12,5,1,339,21,inv2223,False,False,blue,False,True,2
43198,05-12-2022,22:00:00,9.34,110.0,2022-12-05 22:00:00,2022,12,5,1,339,22,inv2223,False,False,blue,False,True,2
43199,05-12-2022,23:00:00,9.32,110.0,2022-12-05 23:00:00,2022,12,5,1,339,23,inv2223,False,False,blue,False,True,2
43200,06-12-2022,00:00:00,9.49,115.0,2022-12-06 00:00:00,2022,12,6,2,340,0,inv2223,False,False,blue,False,True,2
43201,06-12-2022,01:00:00,9.08,114.0,2022-12-06 01:00:00,2022,12,6,2,340,1,inv2223,False,False,blue,False,True,2
43202,06-12-2022,02:00:00,9.0,117.5,2022-12-06 02:00:00,2022,12,6,2,340,2,inv2223,False,False,blue,False,True,2
43203,06-12-2022,03:00:00,8.66,119.0,2022-12-06 03:00:00,2022,12,6,2,340,3,inv2223,False,False,blue,False,True,2
43204,06-12-2022,04:00:00,7.9,120.5,2022-12-06 04:00:00,2022,12,6,2,340,4,inv2223,False,False,blue,False,True,2
43205,06-12-2022,05:00:00,7.46,124.5,2022-12-06 05:00:00,2022,12,6,2,340,5,inv2223,False,False,blue,False,True,2
43219,06-12-2022,19:00:00,3.47,62.5,2022-12-06 19:00:00,2022,12,6,2,340,19,inv2223,False,False,blue,False,True,2
43220,06-12-2022,20:00:00,3.0,53.5,2022-12-06 20:00:00,2022,12,6,2,340,20,inv2223,False,False,blue,False,True,2
43221,06-12-2022,21:00:00,2.61,109.0,2022-12-06 21:00:00,2022,12,6,2,340,21,inv2223,False,False,blue,False,True,2
43222,06-12-2022,22:00:00,4.19,121.5,2022-12-06 22:00:00,2022,12,6,2,340,22,inv2223,False,False,blue,False,True,2
43223,06-12-2022,23:00:00,4.32,117.5,2022-12-06 23:00:00,2022,12,6,2,340,23,inv2223,False,False,blue,False,True,2
43224,07-12-2022,00:00:00,3.55,119.0,2022-12-07 00:00:00,2022,12,7,3,341,0,inv2223,False,False,blue,False,True,2
43225,07-12-2022,01:00:00,3.66,123.0,2022-12-07 01:00:00,2022,12,7,3,341,1,inv2223,False,False,blue,False,True,2
43226,07-12-2022,02:00:00,3.81,125.5,2022-12-07 02:00:00,2022,12,7,3,341,2,inv2223,False,False,blue,False,True,2
43227,07-12-2022,03:00:00,2.72,126.5,2022-12-07 03:00:00,2022,12,7,3,341,3,inv2223,False,False,blue,False,True,2
43228,07-12-2022,04:00:00,3.22,133.0,2022-12-07 04:00:00,2022,12,7,3,341,4,inv2223,False,False,blue,False,True,2
43229,07-12-2022,05:00:00,3.17,126.0,2022-12-07 05:00:00,2022,12,7,3,341,5,inv2223,False,False,blue,False,True,2
43243,07-12-2022,19:00:00,5.84,41.5,2022-12-07 19:00:00,2022,12,7,3,341,19,inv2223,False,False,blue,False,True,2
43244,07-12-2022,20:00:00,5.86,77.0,2022-12-07 20:00:00,2022,12,7,3,341,20,inv2223,False,False,blue,False,True,2
43245,07-12-2022,21:00:00,5.95,90.0,2022-12-07 21:00:00,2022,12,7,3,341,21,inv2223,False,False,blue,False,True,2
43246,07-12-2022,22:00:00,6.31,85.5,2022-12-07 22:00:00,2022,12,7,3,341,22,inv2223,False,False,blue,False,True,2
43247,07-12-2022,23:00:00,6.36,86.0,2022-12-07 23:00:00,2022,12,7,3,341,23,inv2223,False,False,blue,False,True,2
43248,08-12-2022,00:00:00,6.03,89.0,2022-12-08 00:00:00,2022,12,8,4,342,0,inv2223,False,False,blue,False,True,2
43249,08-12-2022,01:00:00,5.41,93.0,2022-12-08 01:00:00,2022,12,8,4,342,1,inv2223,False,False,blue,False,True,2
43250,08-12-2022,02:00:00,5.45,89.5,2022-12-08 02:00:00,2022,12,8,4,342,2,inv2223,False,False,blue,False,True,2
43251,08-12-2022,03:00:00,5.76,85.5,2022-12-08 03:00:00,2022,12,8,4,342,3,inv2223,False,False,blue,False,True,2
43252,08-12-2022,04:00:00,5.13,78.5,2022-12-08 04:00:00,2022,12,8,4,342,4,inv2223,False,False,blue,False,True,2
43253,08-12-2022,05:00:00,4.94,95.0,2022-12-08 05:00:00,2022,12,8,4,342,5,inv2223,False,False,blue,False,True,2
43254,08-12-2022,06:00:00,4.95,102.0,2022-12-08 06:00:00,2022,12,8,4,342,6,inv2223,False,True,blue,False,True,2
43267,08-12-2022,19:00:00,7.39,117.5,2022-12-08 19:00:00,2022,12,8,4,342,19,inv2223,False,False,blue,False,True,2
43268,08-12-2022,20:00:00,7.17,80.0,2022-12-08 20:00:00,2022,12,8,4,342,20,inv2223,False,False,blue,False,True,2
43269,08-12-2022,21:00:00,7.36,72.5,2022-12-08 21:00:00,2022,12,8,4,342,21,inv2223,False,False,blue,False,True,2
43270,08-12-2022,22:00:00,7.23,78.0,2022-12-08 22:00:00,2022,12,8,4,342,22,inv2223,False,False,blue,False,True,2
43271,08-12-2022,23:00:00,7.11,77.5,2022-12-08 23:00:00,2022,12,8,4,342,23,inv2223,False,False,blue,False,True,2
43272,09-12-2022,00:00:00,7.12,71.0,2022-12-09 00:00:00,2022,12,9,5,343,0,inv2223,False,False,blue,False,True,2
43273,09-12-2022,01:00:00,7.0,77.0,2022-12-09 01:00:00,2022,12,9,5,343,1,inv2223,False,False,blue,False,True,2
43274,09-12-2022,02:00:00,6.84,81.0,2022-12-09 02:00:00,2022,12,9,5,343,2,inv2223,False,False,blue,False,True,2
43275,09-12-2022,03:00:00,6.88,76.5,2022-12-09 03:00:00,2022,12,9,5,343,3,inv2223,False,False,blue,False,True,2
43276,09-12-2022,04:00:00,6.93,76.0,2022-12-09 04:00:00,2022,12,9,5,343,4,inv2223,False,False,blue,False,True,2
43277,09-12-2022,05:00:00,7.08,74.0,2022-12-09 05:00:00,2022,12,9,5,343,5,inv2223,False,False,blue,False,True,2
43291,09-12-2022,19:00:00,11.01,19.5,2022-12-09 19:00:00,2022,12,9,5,343,19,inv2223,False,False,blue,False,True,2
43292,09-12-2022,20:00:00,11.06,8.5,2022-12-09 20:00:00,2022,12,9,5,343,20,inv2223,False,False,blue,False,True,2
43293,09-12-2022,21:00:00,10.72,32.0,2022-12-09 21:00:00,2022,12,9,5,343,21,inv2223,False,False,blue,False,True,2
43294,09-12-2022,22:00:00,10.67,67.0,2022-12-09 22:00:00,2022,12,9,5,343,22,inv2223,False,False,blue,False,True,2
43295,09-12-2022,23:00:00,10.5,61.0,2022-12-09 23:00:00,2022,12,9,5,343,23,inv2223,False,False,blue,False,True,2
43344,12-12-2022,00:00:00,0.16,121.0,2022-12-12 00:00:00,2022,12,12,1,346,0,inv2223,False,False,blue,False,True,2
43345,12-12-2022,01:00:00,0.17,115.5,2022-12-12 01:00:00,2022,12,12,1,346,1,inv2223,False,False,blue,False,True,2
43346,12-12-2022,02:00:00,-0.05,119.0,2022-12-12 02:00:00,2022,12,12,1,346,2,inv2223,False,False,blue,False,True,2
43347,12-12-2022,03:00:00,-0.11,118.0,2022-12-12 03:00:00,2022,12,12,1,346,3,inv2223,False,False,blue,False,True,2
43348,12-12-2022,04:00:00,-0.26,128.5,2022-12-12 04:00:00,2022,12,12,1,346,4,inv2223,False,False,blue,False,True,2
43349,12-12-2022,05:00:00,-0.63,132.0,2022-12-12 05:00:00,2022,12,12,1,346,5,inv2223,False,False,blue,False,True,2
43370,13-12-2022,02:00:00,-1.23,104.5,2022-12-13 02:00:00,2022,12,13,2,347,2,inv2223,False,False,blue,False,True,2
43371,13-12-2022,03:00:00,-1.57,103.5,2022-12-13 03:00:00,2022,12,13,2,347,3,inv2223,False,False,blue,False,True,2
43372,13-12-2022,04:00:00,-0.93,93.0,2022-12-13 04:00:00,2022,12,13,2,347,4,inv2223,False,False,blue,False,True,2
43373,13-12-2022,05:00:00,-0.58,113.5,2022-12-13 05:00:00,2022,12,13,2,347,5,inv2223,False,False,blue,False,True,2
43388,13-12-2022,20:00:00,0.87,103.5,2022-12-13 20:00:00,2022,12,13,2,347,20,inv2223,False,False,blue,False,True,2
43389,13-12-2022,21:00:00,0.94,122.5,2022-12-13 21:00:00,2022,12,13,2,347,21,inv2223,False,False,blue,False,True,2
43390,13-12-2022,22:00:00,0.94,104.0,2022-12-13 22:00:00,2022,12,13,2,347,22,inv2223,False,False,blue,False,True,2
43391,13-12-2022,23:00:00,0.96,109.5,2022-12-13 23:00:00,2022,12,13,2,347,23,inv2223,False,False,blue,False,True,2
43392,14-12-2022,00:00:00,1.05,104.0,2022-12-14 00:00:00,2022,12,14,3,348,0,inv2223,False,False,blue,False,True,2
43393,14-12-2022,01:00:00,0.97,110.5,2022-12-14 01:00:00,2022,12,14,3,348,1,inv2223,False,False,blue,False,True,2
43394,14-12-2022,02:00:00,0.88,113.0,2022-12-14 02:00:00,2022,12,14,3,348,2,inv2223,False,False,blue,False,True,2
43395,14-12-2022,03:00:00,0.89,113.5,2022-12-14 03:00:00,2022,12,14,3,348,3,inv2223,False,False,blue,False,True,2
43396,14-12-2022,04:00:00,1.37,112.5,2022-12-14 04:00:00,2022,12,14,3,348,4,inv2223,False,False,blue,False,True,2
43397,14-12-2022,05:00:00,1.31,101.0,2022-12-14 05:00:00,2022,12,14,3,348,5,inv2223,False,False,blue,False,True,2
43413,14-12-2022,21:00:00,2.73,65.0,2022-12-14 21:00:00,2022,12,14,3,348,21,inv2223,False,False,blue,False,True,2
43414,14-12-2022,22:00:00,2.86,88.5,2022-12-14 22:00:00,2022,12,14,3,348,22,inv2223,False,False,blue,False,True,2
43415,14-12-2022,23:00:00,3.06,86.0,2022-12-14 23:00:00,2022,12,14,3,348,23,inv2223,False,False,blue,False,True,2
43416,15-12-2022,00:00:00,3.74,86.5,2022-12-15 00:00:00,2022,12,15,4,349,0,inv2223,False,False,blue,False,True,2
43417,15-12-2022,01:00:00,3.52,85.0,2022-12-15 01:00:00,2022,12,15,4,349,1,inv2223,False,False,blue,False,True,2
43418,15-12-2022,02:00:00,3.75,88.5,2022-12-15 02:00:00,2022,12,15,4,349,2,inv2223,False,False,blue,False,True,2
43419,15-12-2022,03:00:00,3.83,92.5,2022-12-15 03:00:00,2022,12,15,4,349,3,inv2223,False,False,blue,False,True,2
43420,15-12-2022,04:00:00,3.79,91.0,2022-12-15 04:00:00,2022,12,15,4,349,4,inv2223,False,False,blue,False,True,2
43421,15-12-2022,05:00:00,3.81,88.5,2022-12-15 05:00:00,2022,12,15,4,349,5,inv2223,False,False,blue,False,True,2
43437,15-12-2022,21:00:00,9.09,59.5,2022-12-15 21:00:00,2022,12,15,4,349,21,inv2223,False,False,blue,False,True,2
43438,15-12-2022,22:00:00,10.33,54.0,2022-12-15 22:00:00,2022,12,15,4,349,22,inv2223,False,False,blue,False,True,2
43439,15-12-2022,23:00:00,12.25,42.5,2022-12-15 23:00:00,2022,12,15,4,349,23,inv2223,False,False,blue,False,True,2
43440,16-12-2022,00:00:00,12.21,60.0,2022-12-16 00:00:00,2022,12,16,5,350,0,inv2223,False,False,blue,False,True,2
43441,16-12-2022,01:00:00,12.29,63.5,2022-12-16 01:00:00,2022,12,16,5,350,1,inv2223,False,False,blue,False,True,2
43442,16-12-2022,02:00:00,12.08,67.0,2022-12-16 02:00:00,2022,12,16,5,350,2,inv2223,False,False,blue,False,True,2
43443,16-12-2022,03:00:00,11.59,76.5,2022-12-16 03:00:00,2022,12,16,5,350,3,inv2223,False,False,blue,False,True,2
43444,16-12-2022,04:00:00,10.99,71.0,2022-12-16 04:00:00,2022,12,16,5,350,4,inv2223,False,False,blue,False,True,2
43445,16-12-2022,05:00:00,11.0,65.5,2022-12-16 05:00:00,2022,12,16,5,350,5,inv2223,False,False,blue,False,True,2
43459,16-12-2022,19:00:00,9.56,2.5,2022-12-16 19:00:00,2022,12,16,5,350,19,inv2223,False,False,blue,False,True,2
43460,16-12-2022,20:00:00,9.56,13.0,2022-12-16 20:00:00,2022,12,16,5,350,20,inv2223,False,False,blue,False,True,2
43461,16-12-2022,21:00:00,9.18,9.0,2022-12-16 21:00:00,2022,12,16,5,350,21,inv2223,False,False,blue,False,True,2
43462,16-12-2022,22:00:00,9.09,44.0,2022-12-16 22:00:00,2022,12,16,5,350,22,inv2223,False,False,blue,False,True,2
43463,16-12-2022,23:00:00,9.51,65.0,2022-12-16 23:00:00,2022,12,16,5,350,23,inv2223,False,False,blue,False,True,2
42656,13-11-2022,08:00:00,10.8,126.0,2022-11-13 08:00:00,2022,11,13,7,317,8,inv2223,True,False,red,True,False,3
42657,13-11-2022,09:00:00,11.74,130.0,2022-11-13 09:00:00,2022,11,13,7,317,9,inv2223,True,False,red,True,False,3
42658,13-11-2022,10:00:00,11.53,124.0,2022-11-13 10:00:00,2022,11,13,7,317,10,inv2223,True,False,red,True,False,3
42659,13-11-2022,11:00:00,12.19,128.5,2022-11-13 11:00:00,2022,11,13,7,317,11,inv2223,True,False,red,True,False,3
42660,13-11-2022,12:00:00,12.09,129.0,2022-11-13 12:00:00,2022,11,13,7,317,12,inv2223,True,False,red,True,False,3
42661,13-11-2022,13:00:00,12.45,115.0,2022-11-13 13:00:00,2022,11,13,7,317,13,inv2223,True,False,red,True,False,3
42662,13-11-2022,14:00:00,11.73,133.0,2022-11-13 14:00:00,2022,11,13,7,317,14,inv2223,True,False,red,True,False,3
42663,13-11-2022,15:00:00,11.05,136.5,2022-11-13 15:00:00,2022,11,13,7,317,15,inv2223,True,False,red,True,False,3
42664,13-11-2022,16:00:00,10.72,134.0,2022-11-13 16:00:00,2022,11,13,7,317,16,inv2223,True,False,red,True,False,3
42665,13-11-2022,17:00:00,10.23,139.0,2022-11-13 17:00:00,2022,11,13,7,317,17,inv2223,True,False,red,True,False,3
42801,19-11-2022,09:00:00,8.73,164.5,2022-11-19 09:00:00,2022,11,19,6,323,9,inv2223,True,False,red,True,False,3
42802,19-11-2022,10:00:00,9.59,177.5,2022-11-19 10:00:00,2022,11,19,6,323,10,inv2223,True,False,red,True,False,3
42803,19-11-2022,11:00:00,10.51,176.0,2022-11-19 11:00:00,2022,11,19,6,323,11,inv2223,True,False,red,True,False,3
42804,19-11-2022,12:00:00,9.55,175.5,2022-11-19 12:00:00,2022,11,19,6,323,12,inv2223,True,False,red,True,False,3
42805,19-11-2022,13:00:00,8.74,199.0,2022-11-19 13:00:00,2022,11,19,6,323,13,inv2223,True,False,red,True,False,3
42806,19-11-2022,14:00:00,8.42,209.0,2022-11-19 14:00:00,2022,11,19,6,323,14,inv2223,True,False,red,True,False,3
42807,19-11-2022,15:00:00,7.94,220.0,2022-11-19 15:00:00,2022,11,19,6,323,15,inv2223,True,False,red,True,False,3
42808,19-11-2022,16:00:00,7.91,209.0,2022-11-19 16:00:00,2022,11,19,6,323,16,inv2223,True,False,red,True,False,3
42809,19-11-2022,17:00:00,7.47,218.0,2022-11-19 17:00:00,2022,11,19,6,323,17,inv2223,True,False,red,True,False,3
42810,19-11-2022,18:00:00,7.51,203.0,2022-11-19 18:00:00,2022,11,19,6,323,18,inv2223,True,False,red,True,False,3
42824,20-11-2022,08:00:00,5.74,230.5,2022-11-20 08:00:00,2022,11,20,7,324,8,inv2223,True,False,red,True,False,3
42825,20-11-2022,09:00:00,5.87,240.5,2022-11-20 09:00:00,2022,11,20,7,324,9,inv2223,True,False,red,True,False,3
42826,20-11-2022,10:00:00,6.47,228.0,2022-11-20 10:00:00,2022,11,20,7,324,10,inv2223,True,False,red,True,False,3
42827,20-11-2022,11:00:00,7.41,223.5,2022-11-20 11:00:00,2022,11,20,7,324,11,inv2223,True,False,red,True,False,3
42828,20-11-2022,12:00:00,7.8,214.0,2022-11-20 12:00:00,2022,11,20,7,324,12,inv2223,True,False,red,True,False,3
42829,20-11-2022,13:00:00,8.41,212.0,2022-11-20 13:00:00,2022,11,20,7,324,13,inv2223,True,False,red,True,False,3
42830,20-11-2022,14:00:00,8.49,194.5,2022-11-20 14:00:00,2022,11,20,7,324,14,inv2223,True,False,red,True,False,3
42831,20-11-2022,15:00:00,8.24,221.5,2022-11-20 15:00:00,2022,11,20,7,324,15,inv2223,True,False,red,True,False,3
42833,20-11-2022,17:00:00,5.85,233.5,2022-11-20 17:00:00,2022,11,20,7,324,17,inv2223,True,False,red,True,False,3
42968,26-11-2022,08:00:00,8.67,174.5,2022-11-26 08:00:00,2022,11,26,6,330,8,inv2223,True,False,red,True,False,3
42970,26-11-2022,10:00:00,11.15,175.0,2022-11-26 10:00:00,2022,11,26,6,330,10,inv2223,True,False,red,True,False,3
42971,26-11-2022,11:00:00,10.87,176.0,2022-11-26 11:00:00,2022,11,26,6,330,11,inv2223,True,False,red,True,False,3
42972,26-11-2022,12:00:00,11.03,176.0,2022-11-26 12:00:00,2022,11,26,6,330,12,inv2223,True,False,red,True,False,3
42975,26-11-2022,15:00:00,11.16,185.5,2022-11-26 15:00:00,2022,11,26,6,330,15,inv2223,True,False,red,True,False,3
42976,26-11-2022,16:00:00,9.49,187.5,2022-11-26 16:00:00,2022,11,26,6,330,16,inv2223,True,False,red,True,False,3
42977,26-11-2022,17:00:00,8.79,190.5,2022-11-26 17:00:00,2022,11,26,6,330,17,inv2223,True,False,red,True,False,3
42978,26-11-2022,18:00:00,8.23,191.5,2022-11-26 18:00:00,2022,11,26,6,330,18,inv2223,True,False,red,True,False,3
42992,27-11-2022,08:00:00,7.27,237.5,2022-11-27 08:00:00,2022,11,27,7,331,8,inv2223,True,False,red,True,False,3
42993,27-11-2022,09:00:00,8.84,195.5,2022-11-27 09:00:00,2022,11,27,7,331,9,inv2223,True,False,red,True,False,3
42994,27-11-2022,10:00:00,10.34,194.0,2022-11-27 10:00:00,2022,11,27,7,331,10,inv2223,True,False,red,True,False,3
42995,27-11-2022,11:00:00,11.11,184.0,2022-11-27 11:00:00,2022,11,27,7,331,11,inv2223,True,False,red,True,False,3
42996,27-11-2022,12:00:00,11.76,191.0,2022-11-27 12:00:00,2022,11,27,7,331,12,inv2223,True,False,red,True,False,3
42997,27-11-2022,13:00:00,12.06,195.5,2022-11-27 13:00:00,2022,11,27,7,331,13,inv2223,True,False,red,True,False,3
42998,27-11-2022,14:00:00,11.27,192.0,2022-11-27 14:00:00,2022,11,27,7,331,14,inv2223,True,False,red,True,False,3
42999,27-11-2022,15:00:00,9.77,208.5,2022-11-27 15:00:00,2022,11,27,7,331,15,inv2223,True,False,red,True,False,3
43000,27-11-2022,16:00:00,7.55,228.0,2022-11-27 16:00:00,2022,11,27,7,331,16,inv2223,True,False,red,True,False,3
43001,27-11-2022,17:00:00,6.24,238.5,2022-11-27 17:00:00,2022,11,27,7,331,17,inv2223,True,False,red,True,False,3
43002,27-11-2022,18:00:00,5.73,220.0,2022-11-27 18:00:00,2022,11,27,7,331,18,inv2223,True,False,red,True,False,3
43135,03-12-2022,07:00:00,6.58,196.5,2022-12-03 07:00:00,2022,12,3,6,337,7,inv2223,True,False,red,True,False,3
43136,03-12-2022,08:00:00,6.03,262.0,2022-12-03 08:00:00,2022,12,3,6,337,8,inv2223,True,False,red,True,False,3
43137,03-12-2022,09:00:00,6.12,253.5,2022-12-03 09:00:00,2022,12,3,6,337,9,inv2223,True,False,red,True,False,3
43138,03-12-2022,10:00:00,6.19,253.5,2022-12-03 10:00:00,2022,12,3,6,337,10,inv2223,True,False,red,True,False,3
43139,03-12-2022,11:00:00,6.57,235.5,2022-12-03 11:00:00,2022,12,3,6,337,11,inv2223,True,False,red,True,False,3
43140,03-12-2022,12:00:00,8.31,231.0,2022-12-03 12:00:00,2022,12,3,6,337,12,inv2223,True,False,red,True,False,3
43141,03-12-2022,13:00:00,8.88,210.5,2022-12-03 13:00:00,2022,12,3,6,337,13,inv2223,True,False,red,True,False,3
43142,03-12-2022,14:00:00,8.61,218.0,2022-12-03 14:00:00,2022,12,3,6,337,14,inv2223,True,False,red,True,False,3
43143,03-12-2022,15:00:00,7.91,240.5,2022-12-03 15:00:00,2022,12,3,6,337,15,inv2223,True,False,red,True,False,3
43144,03-12-2022,16:00:00,6.64,251.0,2022-12-03 16:00:00,2022,12,3,6,337,16,inv2223,True,False,red,True,False,3
43145,03-12-2022,17:00:00,7.1,253.0,2022-12-03 17:00:00,2022,12,3,6,337,17,inv2223,True,False,red,True,False,3
43146,03-12-2022,18:00:00,6.51,226.0,2022-12-03 18:00:00,2022,12,3,6,337,18,inv2223,True,False,red,True,False,3
43159,04-12-2022,07:00:00,6.79,194.0,2022-12-04 07:00:00,2022,12,4,7,338,7,inv2223,True,False,red,True,False,3
43160,04-12-2022,08:00:00,6.28,249.5,2022-12-04 08:00:00,2022,12,4,7,338,8,inv2223,True,False,red,True,False,3
43161,04-12-2022,09:00:00,7.34,238.5,2022-12-04 09:00:00,2022,12,4,7,338,9,inv2223,True,False,red,True,False,3
43162,04-12-2022,10:00:00,9.23,216.5,2022-12-04 10:00:00,2022,12,4,7,338,10,inv2223,True,False,red,True,False,3
43163,04-12-2022,11:00:00,9.67,213.5,2022-12-04 11:00:00,2022,12,4,7,338,11,inv2223,True,False,red,True,False,3
43164,04-12-2022,12:00:00,8.55,238.0,2022-12-04 12:00:00,2022,12,4,7,338,12,inv2223,True,False,red,True,False,3
43165,04-12-2022,13:00:00,8.46,230.0,2022-12-04 13:00:00,2022,12,4,7,338,13,inv2223,True,False,red,True,False,3
43166,04-12-2022,14:00:00,7.87,230.5,2022-12-04 14:00:00,2022,12,4,7,338,14,inv2223,True,False,red,True,False,3
43167,04-12-2022,15:00:00,7.33,219.5,2022-12-04 15:00:00,2022,12,4,7,338,15,inv2223,True,False,red,True,False,3
43168,04-12-2022,16:00:00,7.63,224.0,2022-12-04 16:00:00,2022,12,4,7,338,16,inv2223,True,False,red,True,False,3
43169,04-12-2022,17:00:00,8.08,215.5,2022-12-04 17:00:00,2022,12,4,7,338,17,inv2223,True,False,red,True,False,3
43170,04-12-2022,18:00:00,8.82,179.0,2022-12-04 18:00:00,2022,12,4,7,338,18,inv2223,True,False,red,True,False,3
43305,10-12-2022,09:00:00,9.63,133.0,2022-12-10 09:00:00,2022,12,10,6,344,9,inv2223,True,False,red,True,False,3
43306,10-12-2022,10:00:00,10.56,122.5,2022-12-10 10:00:00,2022,12,10,6,344,10,inv2223,True,False,red,True,False,3
43307,10-12-2022,11:00:00,10.48,131.5,2022-12-10 11:00:00,2022,12,10,6,344,11,inv2223,True,False,red,True,False,3
43308,10-12-2022,12:00:00,8.69,167.0,2022-12-10 12:00:00,2022,12,10,6,344,12,inv2223,True,False,red,True,False,3
43309,10-12-2022,13:00:00,8.05,211.0,2022-12-10 13:00:00,2022,12,10,6,344,13,inv2223,True,False,red,True,False,3
43310,10-12-2022,14:00:00,7.07,217.0,2022-12-10 14:00:00,2022,12,10,6,344,14,inv2223,True,False,red,True,False,3
43311,10-12-2022,15:00:00,6.35,218.5,2022-12-10 15:00:00,2022,12,10,6,344,15,inv2223,True,False,red,True,False,3
43312,10-12-2022,16:00:00,5.71,219.5,2022-12-10 16:00:00,2022,12,10,6,344,16,inv2223,True,False,red,True,False,3
43313,10-12-2022,17:00:00,5.0,237.5,2022-12-10 17:00:00,2022,12,10,6,344,17,inv2223,True,False,red,True,False,3
43328,11-12-2022,08:00:00,5.21,222.0,2022-12-11 08:00:00,2022,12,11,7,345,8,inv2223,True,False,red,True,False,3
42624,12-11-2022,00:00:00,10.85,67.0,2022-11-12 00:00:00,2022,11,12,6,316,0,inv2223,True,False,red,False,False,4
42625,12-11-2022,01:00:00,8.88,57.0,2022-11-12 01:00:00,2022,11,12,6,316,1,inv2223,True,False,red,False,False,4
42626,12-11-2022,02:00:00,9.98,67.0,2022-11-12 02:00:00,2022,11,12,6,316,2,inv2223,True,False,red,False,False,4
42627,12-11-2022,03:00:00,11.03,60.0,2022-11-12 03:00:00,2022,11,12,6,316,3,inv2223,True,False,red,False,False,4
42628,12-11-2022,04:00:00,10.46,53.5,2022-11-12 04:00:00,2022,11,12,6,316,4,inv2223,True,False,red,False,False,4
42629,12-11-2022,05:00:00,10.85,57.5,2022-11-12 05:00:00,2022,11,12,6,316,5,inv2223,True,False,red,False,False,4
42646,12-11-2022,22:00:00,10.73,66.0,2022-11-12 22:00:00,2022,11,12,6,316,22,inv2223,True,False,red,False,False,4
42647,12-11-2022,23:00:00,10.97,77.5,2022-11-12 23:00:00,2022,11,12,6,316,23,inv2223,True,False,red,False,False,4
42648,13-11-2022,00:00:00,10.7,75.5,2022-11-13 00:00:00,2022,11,13,7,317,0,inv2223,True,False,red,False,False,4
42649,13-11-2022,01:00:00,10.55,81.0,2022-11-13 01:00:00,2022,11,13,7,317,1,inv2223,True,False,red,False,False,4
42650,13-11-2022,02:00:00,10.11,79.5,2022-11-13 02:00:00,2022,11,13,7,317,2,inv2223,True,False,red,False,False,4
42651,13-11-2022,03:00:00,9.8,80.0,2022-11-13 03:00:00,2022,11,13,7,317,3,inv2223,True,False,red,False,False,4
42652,13-11-2022,04:00:00,9.58,82.0,2022-11-13 04:00:00,2022,11,13,7,317,4,inv2223,True,False,red,False,False,4
42653,13-11-2022,05:00:00,9.32,79.0,2022-11-13 05:00:00,2022,11,13,7,317,5,inv2223,True,False,red,False,False,4
42670,13-11-2022,22:00:00,9.55,78.0,2022-11-13 22:00:00,2022,11,13,7,317,22,inv2223,True,False,red,False,False,4
42671,13-11-2022,23:00:00,9.57,80.0,2022-11-13 23:00:00,2022,11,13,7,317,23,inv2223,True,False,red,False,False,4
42811,19-11-2022,19:00:00,7.41,168.5,2022-11-19 19:00:00,2022,11,19,6,323,19,inv2223,True,False,red,False,False,4
42812,19-11-2022,20:00:00,7.21,139.5,2022-11-19 20:00:00,2022,11,19,6,323,20,inv2223,True,False,red,False,False,4
42813,19-11-2022,21:00:00,6.84,149.5,2022-11-19 21:00:00,2022,11,19,6,323,21,inv2223,True,False,red,False,False,4
42814,19-11-2022,22:00:00,6.06,161.0,2022-11-19 22:00:00,2022,11,19,6,323,22,inv2223,True,False,red,False,False,4
42815,19-11-2022,23:00:00,5.85,147.0,2022-11-19 23:00:00,2022,11,19,6,323,23,inv2223,True,False,red,False,False,4
42816,20-11-2022,00:00:00,5.41,152.0,2022-11-20 00:00:00,2022,11,20,7,324,0,inv2223,True,False,red,False,False,4
42817,20-11-2022,01:00:00,4.61,153.5,2022-11-20 01:00:00,2022,11,20,7,324,1,inv2223,True,False,red,False,False,4
42818,20-11-2022,02:00:00,4.52,147.5,2022-11-20 02:00:00,2022,11,20,7,324,2,inv2223,True,False,red,False,False,4
42819,20-11-2022,03:00:00,4.62,147.5,2022-11-20 03:00:00,2022,11,20,7,324,3,inv2223,True,False,red,False,False,4
42820,20-11-2022,04:00:00,4.61,141.5,2022-11-20 04:00:00,2022,11,20,7,324,4,inv2223,True,False,red,False,False,4
42821,20-11-2022,05:00:00,4.92,136.5,2022-11-20 05:00:00,2022,11,20,7,324,5,inv2223,True,False,red,False,False,4
42822,20-11-2022,06:00:00,5.29,140.5,2022-11-20 06:00:00,2022,11,20,7,324,6,inv2223,True,False,red,False,False,4
42836,20-11-2022,20:00:00,4.7,148.5,2022-11-20 20:00:00,2022,11,20,7,324,20,inv2223,True,False,red,False,False,4
42837,20-11-2022,21:00:00,4.49,131.0,2022-11-20 21:00:00,2022,11,20,7,324,21,inv2223,True,False,red,False,False,4
42960,26-11-2022,00:00:00,6.4,130.5,2022-11-26 00:00:00,2022,11,26,6,330,0,inv2223,True,False,red,False,False,4
42961,26-11-2022,01:00:00,6.97,137.0,2022-11-26 01:00:00,2022,11,26,6,330,1,inv2223,True,False,red,False,False,4
42962,26-11-2022,02:00:00,7.42,136.5,2022-11-26 02:00:00,2022,11,26,6,330,2,inv2223,True,False,red,False,False,4
42963,26-11-2022,03:00:00,7.04,147.5,2022-11-26 03:00:00,2022,11,26,6,330,3,inv2223,True,False,red,False,False,4
42964,26-11-2022,04:00:00,8.07,157.5,2022-11-26 04:00:00,2022,11,26,6,330,4,inv2223,True,False,red,False,False,4
42965,26-11-2022,05:00:00,7.49,149.0,2022-11-26 05:00:00,2022,11,26,6,330,5,inv2223,True,False,red,False,False,4
42966,26-11-2022,06:00:00,6.87,147.0,2022-11-26 06:00:00,2022,11,26,6,330,6,inv2223,True,False,red,False,False,4
42980,26-11-2022,20:00:00,7.33,148.5,2022-11-26 20:00:00,2022,11,26,6,330,20,inv2223,True,False,red,False,False,4
42981,26-11-2022,21:00:00,7.18,160.0,2022-11-26 21:00:00,2022,11,26,6,330,21,inv2223,True,False,red,False,False,4
42982,26-11-2022,22:00:00,6.69,152.0,2022-11-26 22:00:00,2022,11,26,6,330,22,inv2223,True,False,red,False,False,4
42983,26-11-2022,23:00:00,7.2,150.5,2022-11-26 23:00:00,2022,11,26,6,330,23,inv2223,True,False,red,False,False,4
42984,27-11-2022,00:00:00,7.58,150.5,2022-11-27 00:00:00,2022,11,27,7,331,0,inv2223,True,False,red,False,False,4
42985,27-11-2022,01:00:00,7.26,151.0,2022-11-27 01:00:00,2022,11,27,7,331,1,inv2223,True,False,red,False,False,4
42986,27-11-2022,02:00:00,6.69,159.5,2022-11-27 02:00:00,2022,11,27,7,331,2,inv2223,True,False,red,False,False,4
42987,27-11-2022,03:00:00,6.86,151.0,2022-11-27 03:00:00,2022,11,27,7,331,3,inv2223,True,False,red,False,False,4
42988,27-11-2022,04:00:00,7.0,149.0,2022-11-27 04:00:00,2022,11,27,7,331,4,inv2223,True,False,red,False,False,4
42989,27-11-2022,05:00:00,6.73,153.5,2022-11-27 05:00:00,2022,11,27,7,331,5,inv2223,True,False,red,False,False,4
42990,27-11-2022,06:00:00,6.3,156.5,2022-11-27 06:00:00,2022,11,27,7,331,6,inv2223,True,False,red,False,False,4
43004,27-11-2022,20:00:00,4.84,162.5,2022-11-27 20:00:00,2022,11,27,7,331,20,inv2223,True,False,red,False,False,4
43005,27-11-2022,21:00:00,4.27,168.0,2022-11-27 21:00:00,2022,11,27,7,331,21,inv2223,True,False,red,False,False,4
43006,27-11-2022,22:00:00,4.35,169.0,2022-11-27 22:00:00,2022,11,27,7,331,22,inv2223,True,False,red,False,False,4
43007,27-11-2022,23:00:00,4.57,174.0,2022-11-27 23:00:00,2022,11,27,7,331,23,inv2223,True,False,red,False,False,4
43128,03-12-2022,00:00:00,5.52,133.0,2022-12-03 00:00:00,2022,12,3,6,337,0,inv2223,True,False,red,False,False,4
43129,03-12-2022,01:00:00,5.16,136.5,2022-12-03 01:00:00,2022,12,3,6,337,1,inv2223,True,False,red,False,False,4
43130,03-12-2022,02:00:00,5.39,139.0,2022-12-03 02:00:00,2022,12,3,6,337,2,inv2223,True,False,red,False,False,4
43131,03-12-2022,03:00:00,5.67,138.5,2022-12-03 03:00:00,2022,12,3,6,337,3,inv2223,True,False,red,False,False,4
43132,03-12-2022,04:00:00,5.78,140.5,2022-12-03 04:00:00,2022,12,3,6,337,4,inv2223,True,False,red,False,False,4
43133,03-12-2022,05:00:00,5.67,140.5,2022-12-03 05:00:00,2022,12,3,6,337,5,inv2223,True,False,red,False,False,4
43134,03-12-2022,06:00:00,6.02,139.0,2022-12-03 06:00:00,2022,12,3,6,337,6,inv2223,True,False,red,False,False,4
43148,03-12-2022,20:00:00,6.05,137.0,2022-12-03 20:00:00,2022,12,3,6,337,20,inv2223,True,False,red,False,False,4
43149,03-12-2022,21:00:00,6.13,142.0,2022-12-03 21:00:00,2022,12,3,6,337,21,inv2223,True,False,red,False,False,4
43150,03-12-2022,22:00:00,5.82,138.0,2022-12-03 22:00:00,2022,12,3,6,337,22,inv2223,True,False,red,False,False,4
43151,03-12-2022,23:00:00,8.07,138.0,2022-12-03 23:00:00,2022,12,3,6,337,23,inv2223,True,False,red,False,False,4
43152,04-12-2022,00:00:00,6.26,135.5,2022-12-04 00:00:00,2022,12,4,7,338,0,inv2223,True,False,red,False,False,4
43153,04-12-2022,01:00:00,7.22,132.0,2022-12-04 01:00:00,2022,12,4,7,338,1,inv2223,True,False,red,False,False,4
43154,04-12-2022,02:00:00,7.89,131.5,2022-12-04 02:00:00,2022,12,4,7,338,2,inv2223,True,False,red,False,False,4
43155,04-12-2022,03:00:00,6.33,148.0,2022-12-04 03:00:00,2022,12,4,7,338,3,inv2223,True,False,red,False,False,4
43156,04-12-2022,04:00:00,5.18,144.5,2022-12-04 04:00:00,2022,12,4,7,338,4,inv2223,True,False,red,False,False,4
43157,04-12-2022,05:00:00,5.58,140.5,2022-12-04 05:00:00,2022,12,4,7,338,5,inv2223,True,False,red,False,False,4
43158,04-12-2022,06:00:00,7.28,132.5,2022-12-04 06:00:00,2022,12,4,7,338,6,inv2223,True,False,red,False,False,4
43172,04-12-2022,20:00:00,7.25,116.0,2022-12-04 20:00:00,2022,12,4,7,338,20,inv2223,True,False,red,False,False,4
43173,04-12-2022,21:00:00,6.84,123.5,2022-12-04 21:00:00,2022,12,4,7,338,21,inv2223,True,False,red,False,False,4
43174,04-12-2022,22:00:00,6.79,124.0,2022-12-04 22:00:00,2022,12,4,7,338,22,inv2223,True,False,red,False,False,4
43175,04-12-2022,23:00:00,6.66,115.5,2022-12-04 23:00:00,2022,12,4,7,338,23,inv2223,True,False,red,False,False,4
43296,10-12-2022,00:00:00,10.04,72.5,2022-12-10 00:00:00,2022,12,10,6,344,0,inv2223,True,False,red,False,False,4
43297,10-12-2022,01:00:00,9.64,67.0,2022-12-10 01:00:00,2022,12,10,6,344,1,inv2223,True,False,red,False,False,4
43298,10-12-2022,02:00:00,9.56,66.0,2022-12-10 02:00:00,2022,12,10,6,344,2,inv2223,True,False,red,False,False,4
43299,10-12-2022,03:00:00,9.16,75.0,2022-12-10 03:00:00,2022,12,10,6,344,3,inv2223,True,False,red,False,False,4
43300,10-12-2022,04:00:00,9.34,63.0,2022-12-10 04:00:00,2022,12,10,6,344,4,inv2223,True,False,red,False,False,4
43301,10-12-2022,05:00:00,9.45,70.5,2022-12-10 05:00:00,2022,12,10,6,344,5,inv2223,True,False,red,False,False,4
43302,10-12-2022,06:00:00,9.47,70.0,2022-12-10 06:00:00,2022,12,10,6,344,6,inv2223,True,False,red,False,False,4
43315,10-12-2022,19:00:00,5.07,149.0,2022-12-10 19:00:00,2022,12,10,6,344,19,inv2223,True,False,red,False,False,4
43316,10-12-2022,20:00:00,5.01,97.5,2022-12-10 20:00:00,2022,12,10,6,344,20,inv2223,True,False,red,False,False,4
43317,10-12-2022,21:00:00,5.16,97.0,2022-12-10 21:00:00,2022,12,10,6,344,21,inv2223,True,False,red,False,False,4
43318,10-12-2022,22:00:00,5.54,98.5,2022-12-10 22:00:00,2022,12,10,6,344,22,inv2223,True,False,red,False,False,4
43319,10-12-2022,23:00:00,5.86,103.5,2022-12-10 23:00:00,2022,12,10,6,344,23,inv2223,True,False,red,False,False,4
43320,11-12-2022,00:00:00,5.86,93.5,2022-12-11 00:00:00,2022,12,11,7,345,0,inv2223,True,False,red,False,False,4
43321,11-12-2022,01:00:00,5.79,99.5,2022-12-11 01:00:00,2022,12,11,7,345,1,inv2223,True,False,red,False,False,4
43322,11-12-2022,02:00:00,5.65,96.5,2022-12-11 02:00:00,2022,12,11,7,345,2,inv2223,True,False,red,False,False,4
43323,11-12-2022,03:00:00,5.52,95.5,2022-12-11 03:00:00,2022,12,11,7,345,3,inv2223,True,False,red,False,False,4
43324,11-12-2022,04:00:00,5.3,98.0,2022-12-11 04:00:00,2022,12,11,7,345,4,inv2223,True,False,red,False,False,4
43325,11-12-2022,05:00:00,5.39,95.5,2022-12-11 05:00:00,2022,12,11,7,345,5,inv2223,True,False,red,False,False,4
43326,11-12-2022,06:00:00,5.07,97.0,2022-12-11 06:00:00,2022,12,11,7,345,6,inv2223,True,False,red,False,False,4
